,Unnamed: 0,Unnamed: 0.1,Unnamed: 0.1.1,item,condition,sentence,target,alternative,model correct (max),model correct (sample),target score,alternative score,model 0 correct (max),model 0 correct (sample),model 0 target score,model 0 alternative score,model 1 correct (max),model 1 correct (sample),model 1 target score,model 1 alternative score,model 2 correct (max),model 2 correct (sample),model 2 target score,model 2 alternative score,model 3 correct (max),model 3 correct (sample),model 3 target score,model 3 alternative score,model 4 correct (max),model 4 correct (sample),model 4 target score,model 4 alternative score,lstm 0 correct (max),lstm 0 correct (sample),lstm 0 target score,lstm 0 alternative score,lstm 1 correct (max),lstm 1 correct (sample),lstm 1 target score,lstm 1 alternative score,lstm 2 correct (max),lstm 2 correct (sample),lstm 2 target score,lstm 2 alternative score,lstm 3 correct (max),lstm 3 correct (sample),lstm 3 target score,lstm 3 alternative score,lstm 4 correct (max),lstm 4 correct (sample),lstm 4 target score,lstm 4 alternative score,rnng 0 target score,rnng 0 alternative score,rnng 0 correct (max),rnng 0 correct (sample),rnng 1 target score,rnng 1 alternative score,rnng 1 correct (max),rnng 1 correct (sample),rnng 2 target score,rnng 2 alternative score,rnng 2 correct (max),rnng 2 correct (sample),rnng 3 target score,rnng 3 alternative score,rnng 3 correct (max),rnng 3 correct (sample),rnng 4 target score,rnng 4 alternative score,rnng 4 correct (max),rnng 4 correct (sample)
0,0,0,0,HaskellMacDonald_0_SP,SP,Can you ask Brenda if the girl or the boys,are,is,100,99.32918394349336,-1.9314537048339844,-6.9291534423828125,100,90.77426417676467,-2.318230628967285,-4.604609489440918,100,64.30392956607909,-2.530404090881348,-3.1189842224121094,100,94.78336406856779,-2.017906188964844,-4.917647361755371,100,93.06481380189848,-2.16680908203125,-4.763497352600098,100,97.8227787855063,-2.100198745727539,-5.905306816101074,100,90.77426417676467,-2.318230628967285,-4.604609489440918,100,64.30392956607909,-2.530404090881348,-3.1189842224121094,100,94.78336406856779,-2.017906188964844,-4.917647361755371,100,93.06481380189848,-2.16680908203125,-4.763497352600098,100,97.8227787855063,-2.100198745727539,-5.905306816101074,-75.7911,-82.655,100,99.8956259397761,-78.1492,-83.1583,100,99.3367375613161,-73.9689,-78.0425,100,98.32686800446481,-79.8093,-84.3954,100,98.99103076762178,-77.1731,-78.2718,100,75.00164455141055
1,1,1,1,HaskellMacDonald_0_PS,PS,Can you ask Brenda if the girls or the boy,are,is,100,97.17591027831354,-2.0301332473754883,-5.568470001220703,100,85.77014233147962,-2.0227270126342773,-3.819055557250977,100,74.07670610707122,-2.357781410217285,-3.407740592956543,100,96.48713517384216,-1.8911724090576167,-5.204150199890137,100,87.82676569883526,-2.237391471862793,-4.213518142700194,100,93.19308492566601,-1.6771821975708008,-4.293916702270509,100,85.77014233147962,-2.0227270126342773,-3.819055557250977,100,74.07670610707122,-2.357781410217285,-3.407740592956543,100,96.48713517384216,-1.8911724090576167,-5.204150199890137,100,87.82676569883526,-2.237391471862793,-4.213518142700194,100,93.19308492566601,-1.6771821975708008,-4.293916702270509,-76.7888,-78.466,100,84.25334088793122,-79.7796,-81.1397,100,79.57759498553396,-74.7712,-76.974,100,90.05006701636663,-77.3493,-83.0134,100,99.65437194968827,-78.4573,-79.9279,100,81.31485659463193
2,2,2,2,HaskellMacDonald_1_SP,SP,Do you know if the tiger or the lions,were,was,100,97.74252600353351,-2.81192684173584,-6.58001708984375,100,92.43490142908115,-3.268498420715332,-5.7714576721191415,100,72.8735672591516,-3.4504432678222656,-4.438660621643066,100,97.01394530510024,-2.825664520263672,-6.30656623840332,100,85.89368858643002,-3.6212968826293945,-5.4277849197387695,100,90.83588702149284,-3.3848180770874023,-5.678577423095702,100,92.43490142908115,-3.268498420715332,-5.7714576721191415,100,72.8735672591516,-3.4504432678222656,-4.438660621643066,100,97.01394530510024,-2.825664520263672,-6.30656623840332,100,85.89368858643002,-3.6212968826293945,-5.4277849197387695,100,90.83588702149284,-3.3848180770874023,-5.678577423095702,-54.6698,-58.1632,100,97.04993947821582,-58.3612,-62.1185,100,97.71859413673471,-53.2118,-55.4659,100,90.50036064094864,-53.7522,-53.1954,0,36.42882007831356,-55.6989,-58.4627,100,94.06880069167818
3,3,3,3,HaskellMacDonald_1_PS,PS,Do you know if the tigers or the lion,were,was,100,93.74465889126057,-3.234844207763672,-5.941983222961426,100,94.92703462299171,-2.605886459350586,-5.535069465637207,100,95.26922948725037,-2.967126846313477,-5.969745635986327,100,96.06242508818157,-2.825456619262696,-6.019889831542969,100,96.55316955918876,-2.864674568176268,-6.19731330871582,100,89.16032858667248,-3.401123046875,-5.508346557617188,100,94.92703462299171,-2.605886459350586,-5.535069465637207,100,95.26922948725037,-2.967126846313477,-5.969745635986327,100,96.06242508818157,-2.8254566192626958,-6.019889831542969,100,96.55316955918876,-2.864674568176269,-6.19731330871582,100,89.16032858667248,-3.401123046875,-5.508346557617188,-60.6755,-62.1153,100,80.84236783822772,-61.2248,-62.2706,100,73.99675686709766,-57.3066,-58.8469,100,82.35083321604246,-56.5273,-59.683,100,95.91327311088439,-58.2335,-60.3091,100,88.85089101695462
4,4,4,4,HaskellMacDonald_2_SP,SP,Do you think the pickle or the olives,are,is,100,98.83153634202436,-1.204030990600586,-5.641757965087893,100,97.64552517016593,-1.118088722229004,-4.843114852905273,100,78.32298815802052,-1.7030906677246094,-2.987679481506348,100,86.47150467682744,-2.2133703231811523,-4.068387031555177,100,87.80307057767936,-1.6201791763305664,-3.594091415405273,100,95.94808083897932,-1.4323081970214844,-4.596924781799316,100,97.64552517016593,-1.1180887222290041,-4.843114852905273,100,78.32298815802052,-1.7030906677246094,-2.987679481506348,100,86.47150467682744,-2.2133703231811523,-4.068387031555177,100,87.80307057767936,-1.6201791763305664,-3.594091415405273,100,95.94808083897931,-1.4323081970214844,-4.596924781799316,-56.7381,-56.2472,0,37.968157358646714,-55.1215,-52.8468,0,9.324008389810063,-58.186,-55.6201,0,7.136554429029432,-58.9061,-55.9238,0,4.823193602709591,-53.3977,-53.2309,0,45.83964140474065
5,5,5,5,HaskellMacDonald_2_PS,PS,Do you think the pickles or the olive,are,is,100,58.3815223857631,-4.460273742675781,-4.798728942871094,100,73.5233233791257,-3.745936393737793,-4.767274856567383,0,39.182833344203615,-4.482211112976074,-4.0425777435302725,100,62.8253068310336,-3.029126167297364,-3.5538558959960938,0,30.71389943469769,-3.840134620666504,-3.0266056060791016,100,73.09777568385726,-2.604232788085937,-3.6038217544555664,100,73.5233233791257,-3.745936393737793,-4.767274856567383,0,39.182833344203615,-4.482211112976074,-4.0425777435302725,100,62.8253068310336,-3.0291261672973637,-3.5538558959960938,0,30.71389943469769,-3.840134620666504,-3.0266056060791016,100,73.09777568385726,-2.604232788085937,-3.6038217544555664,-58.4732,-55.2678,0,3.8963016173451956,-55.5272,-53.2209,0,9.060254002971178,-58.7597,-54.9392,0,2.144679379197866,-54.2974,-55.8042,100,81.85864827334872,-55.2215,-54.8082,0,39.81211076491957
6,6,6,6,HaskellMacDonald_3_SP,SP,Have you heard whether the swimmer or the runners,are,is,100,99.27936072127045,-1.2285404205322266,-6.154094696044923,100,98.48611832476496,-2.0873422622680664,-6.262580871582031,100,72.9545369641173,-3.037948608398437,-4.030265808105469,100,92.10140547499908,-2.771725654602051,-5.227931022644043,100,68.33868832411298,-2.4538631439208984,-3.2232437133789062,100,98.19766103113554,-2.774777412414551,-6.772674560546875,100,98.48611832476496,-2.0873422622680664,-6.262580871582031,100,72.9545369641173,-3.037948608398437,-4.030265808105469,100,92.10140547499908,-2.771725654602051,-5.227931022644043,100,68.33868832411298,-2.4538631439208984,-3.2232437133789062,100,98.19766103113554,-2.774777412414551,-6.772674560546875,-75.2539,-77.4965,100,90.40103121409992,-79.2925,-80.5595,100,78.0228764878107,-78.1221,-80.555,100,91.9301933632263,-79.888,-83.9672,100,98.33605588965517,-75.1468,-74.4916,0,34.181868779409825
7,7,7,7,HaskellMacDonald_3_PS,PS,Have you heard whether the swimmers or the runner,are,is,100,88.68915647608664,-1.662790298461914,-3.7221660614013667,100,87.01845744221045,-2.153827667236328,-4.056419372558594,100,56.546395453521136,-2.96548080444336,-3.2288484573364262,100,78.4413889260845,-3.0439233779907227,-4.3354997634887695,100,64.06160945267038,-2.8947343826293945,-3.472773551940918,100,91.67582347651104,-2.837809562683105,-5.2369041442871085,100,87.01845744221045,-2.153827667236328,-4.056419372558594,100,56.546395453521136,-2.96548080444336,-3.2288484573364262,100,78.4413889260845,-3.0439233779907227,-4.3354997634887695,100,64.06160945267038,-2.8947343826293945,-3.472773551940918,100,91.67582347651104,-2.837809562683105,-5.2369041442871085,-63.4368,-64.9631,100,82.146431492713,-63.8188,-64.3373,100,62.67969493022937,-63.7155,-66.0711,100,91.33783172847998,-60.3984,-65.0509,100,99.05523810370053,-63.4407,-63.8589,100,60.30524455445916
8,8,8,8,HaskellMacDonald_4_SP,SP,How do I know if the stove or the refrigerators,are,is,100,96.17352735928984,-1.2497425079345703,-4.4739532470703125,100,78.89629301075949,-1.6114912033081057,-2.9301767349243164,100,67.14167075855735,-1.5175790786743164,-2.2321786880493164,100,85.99094389479922,-1.3234310150146484,-3.1379690170288086,100,69.25193413208942,-1.49444580078125,-2.3063697814941406,100,80.88220452350156,-1.5218877792358398,-2.964262008666992,100,78.89629301075949,-1.6114912033081057,-2.9301767349243164,100,67.14167075855735,-1.5175790786743164,-2.2321786880493164,100,85.99094389479922,-1.3234310150146484,-3.1379690170288086,100,69.25193413208942,-1.49444580078125,-2.3063697814941406,100,80.88220452350157,-1.5218877792358398,-2.9642620086669917,-67.0088,-69.8228,100,94.34276857934275,-67.8651,-69.5975,100,84.97191491925396,-64.6147,-64.0216,0,35.592388690309626,-68.8976,-67.9309,0,27.553875062049492,-67.5993,-68.1805,100,64.13434795520078
9,9,9,9,HaskellMacDonald_4_PS,PS,How do I know if the stoves or the refrigerator,are,is,100,92.01751964312479,-1.3789596557617188,-3.8236894607543945,100,89.42295413642367,-1.7408809661865234,-3.8755722045898438,100,81.34373426521046,-1.494577407836914,-2.9670791625976562,100,80.78427344854389,-1.3508892059326172,-2.786942481994629,100,62.631168675086535,-1.8830614089965816,-2.399487495422364,100,95.12596626771263,-0.9522104263305664,-3.923490524291992,100,89.42295413642367,-1.7408809661865234,-3.875572204589844,100,81.34373426521046,-1.494577407836914,-2.967079162597656,100,80.78427344854389,-1.3508892059326172,-2.786942481994629,100,62.631168675086535,-1.8830614089965818,-2.3994874954223637,100,95.12596626771263,-0.9522104263305664,-3.9234905242919917,-67.3066,-68.9341,100,83.58268759541112,-67.6176,-68.8407,100,77.26086316872475,-62.9025,-65.6042,100,93.71268825582786,-67.3701,-72.779,100,99.55433885742077,-70.5497,-72.3834,100,86.22019124049497
10,10,10,10,HaskellMacDonald_5_SP,SP,I can't tell whether the nurse or the doctors,are,is,100,99.27774801621729,-1.845796585083008,-6.769099235534668,100,89.5083309966963,-2.287339210510254,-4.431089401245117,100,88.35742866357042,-1.858427047729492,-3.8851490020751953,100,92.603675581435,-2.610539436340332,-5.137885093688965,100,68.48618481784698,-2.457926750183105,-3.2341327667236333,100,96.96997581895391,-2.4564313888549805,-5.922262191772461,100,89.5083309966963,-2.287339210510254,-4.431089401245117,100,88.35742866357042,-1.858427047729492,-3.8851490020751953,100,92.603675581435,-2.610539436340332,-5.137885093688965,100,68.48618481784698,-2.457926750183105,-3.2341327667236333,100,96.96997581895393,-2.4564313888549805,-5.922262191772461,-60.09,-65.4312,100,99.52327167376004,-63.5207,-68.0688,100,98.95236154798872,-64.5114,-68.9293,100,98.8084168608213,-66.6783,-71.7446,100,99.3733804647534,-66.4443,-69.1593,100,93.7905978751694
11,11,11,11,HaskellMacDonald_5_PS,PS,I can't tell whether the nurses or the doctor,are,is,100,98.2711720364906,-1.603313446044922,-5.643600463867188,100,93.41726019200044,-2.462428092956543,-5.115053176879883,100,84.69575955239232,-2.1810522079467773,-3.891987800598145,100,91.59669495427576,-2.658625602722168,-5.047395706176758,100,85.10364137931406,-2.616879463195801,-4.359632492065431,100,83.04049621288931,-2.247805595397949,-3.836305618286133,100,93.41726019200044,-2.462428092956543,-5.115053176879883,100,84.69575955239232,-2.1810522079467773,-3.891987800598145,100,91.59669495427576,-2.658625602722168,-5.047395706176758,100,85.10364137931406,-2.616879463195801,-4.359632492065431,100,83.04049621288931,-2.247805595397949,-3.8363056182861333,-62.9394,-65.7634,100,94.3959044050554,-64.1744,-65.0802,100,71.213994455621,-66.7832,-69.8313,100,95.47004271786604,-66.0537,-69.7672,100,97.61888011132163,-65.1967,-65.2156,100,50.47248593535865
12,12,12,12,HaskellMacDonald_6_SP,SP,Do the directions say if the store or the restaurants,are,is,100,94.82307076990057,-1.0777301788330078,-3.985530853271485,100,79.55940551523993,-1.7340812683105469,-3.093062400817871,100,84.0141304213891,-1.5342178344726562,-3.193497657775879,100,91.46071326298402,-1.0380821228027344,-3.4093141555786133,100,82.40285372790409,-1.18817138671875,-2.732054710388184,100,91.26966255881149,-1.162759780883789,-3.509774208068848,100,79.55940551523993,-1.7340812683105469,-3.093062400817871,100,84.0141304213891,-1.5342178344726562,-3.193497657775879,100,91.46071326298402,-1.0380821228027344,-3.4093141555786133,100,82.40285372790409,-1.18817138671875,-2.732054710388184,100,91.26966255881149,-1.162759780883789,-3.509774208068848,-86.3465,-91.4302,100,99.38412276542145,-85.9693,-88.3124,100,91.23842138839518,-82.331,-85.0972,100,94.08217711699966,-84.758,-84.9461,100,54.68868371376809,-83.6157,-86.3535,100,93.92206304480088
13,13,13,13,HaskellMacDonald_6_PS,PS,Do the directions say if the stores or the restaurant,are,is,100,87.83170992934816,-1.301738739013672,-3.2783279418945312,100,78.74375733603783,-2.3118276596069336,-3.6213760375976562,100,77.23791285783594,-1.7843780517578125,-3.0061721801757812,100,91.78318279985015,-1.1949701309204102,-3.6082162857055664,100,89.81170248558372,-1.1547966003417969,-3.3312721252441406,100,85.39539106682554,-1.2718400955200195,-3.037795066833496,100,78.74375733603783,-2.3118276596069336,-3.621376037597656,100,77.23791285783594,-1.7843780517578125,-3.006172180175781,100,91.78318279985015,-1.1949701309204102,-3.6082162857055664,100,89.81170248558372,-1.1547966003417969,-3.3312721252441406,100,85.39539106682554,-1.2718400955200195,-3.037795066833496,-87.719,-90.9191,100,96.08380402067205,-86.5642,-88.0874,100,82.10092136130956,-82.7873,-85.6263,100,94.47472855748613,-83.8877,-88.8586,100,99.31108870885751,-85.2148,-88.2143,100,95.25515333804408
14,14,14,14,HaskellMacDonald_7_SP,SP,We need to know if the necklace or the rings,were,was,100,93.96310434779123,-3.3532371520996094,-6.098249435424805,100,67.11462918116986,-3.5747709274291988,-4.288145065307616,100,88.03842273327233,-3.0490665435791016,-5.045140266418457,100,71.69453108830544,-3.370512008666992,-4.299871444702148,100,92.80309220021908,-3.4076719284057617,-5.964500427246094,100,94.25059460319862,-3.1487941741943364,-5.94565486907959,100,67.11462918116986,-3.5747709274291988,-4.288145065307616,100,88.03842273327233,-3.0490665435791016,-5.045140266418457,100,71.69453108830544,-3.3705120086669917,-4.2998714447021475,100,92.80309220021908,-3.4076719284057617,-5.964500427246094,100,94.25059460319862,-3.1487941741943364,-5.94565486907959,-74.0437,-79.6779,100,99.64391897617962,-81.4697,-83.5407,100,88.80524153509934,-84.032,-85.1258,100,74.90966107756952,-81.8399,-76.3561,0,0.413633597060322,-80.0338,-81.645,100,83.35779239908183
15,15,15,15,HaskellMacDonald_7_PS,PS,We need to know if the necklaces or the ring,were,was,100,91.3786428643548,-2.989051818847656,-5.349821090698242,100,89.33793730809315,-3.864124298095703,-5.989858627319336,100,78.7736717649043,-3.1527767181396484,-4.464113235473633,100,87.984376927643,-3.750045776367188,-5.740997314453125,100,93.56372598953814,-2.9753599166870117,-5.652052879333496,100,96.3559781779988,-3.234749794006348,-6.509711265563965,100,89.33793730809315,-3.864124298095703,-5.989858627319336,100,78.7736717649043,-3.1527767181396484,-4.464113235473633,100,87.984376927643,-3.750045776367188,-5.740997314453125,100,93.56372598953814,-2.975359916687012,-5.652052879333496,100,96.35597817799878,-3.234749794006348,-6.509711265563965,-78.8074,-81.8032,100,95.23840237809931,-76.6705,-79.4696,100,94.26271704171013,-80.3607,-82.9771,100,93.19096266369026,-76.6658,-79.6623,100,95.24157578170434,-77.9343,-80.5982,100,93.48625584943888
16,16,16,16,HaskellMacDonald_8_SP,SP,I want to know if the sheet or the blankets,are,is,100,98.03769818789749,-0.6199264526367188,-4.531160354614258,100,78.3956647069502,-1.7456407546997068,-3.034515380859375,100,69.46238076909607,-1.2538928985595703,-2.0757188796997066,100,77.3266195649847,-1.3559503555297852,-2.582797050476074,100,70.18376228199836,-1.4720811843872068,-2.3281450271606445,100,95.1901143692702,-0.8037204742431641,-3.7889232635498047,100,78.3956647069502,-1.7456407546997068,-3.034515380859375,100,69.46238076909607,-1.2538928985595703,-2.0757188796997066,100,77.3266195649847,-1.3559503555297852,-2.582797050476074,100,70.18376228199836,-1.4720811843872068,-2.3281450271606445,100,95.19011436927019,-0.8037204742431641,-3.7889232635498047,-79.9248,-76.9933,0,5.061819233575033,-81.2627,-81.7605,100,62.19421839186708,-83.198,-86.9532,100,97.71390779106852,-81.3025,-78.5998,0,6.281422310238454,-80.1741,-78.9312,0,22.39316021805724
17,17,17,17,HaskellMacDonald_8_PS,PS,I want to know if the sheets or the blanket,are,is,100,94.71960916900623,-0.8979740142822266,-3.7848949432373047,100,86.51614594804934,-1.9787092208862305,-3.8375473022460938,100,72.81229184028362,-1.896444320678711,-2.881564140319824,100,88.11486846718935,-1.3944053649902344,-3.3977584838867188,100,87.83456354275253,-1.3257083892822266,-3.30256462097168,100,90.03438296510465,-1.1599035263061523,-3.3609542846679688,100,86.51614594804934,-1.9787092208862305,-3.8375473022460938,100,72.81229184028362,-1.896444320678711,-2.8815641403198238,100,88.11486846718935,-1.3944053649902344,-3.3977584838867188,100,87.83456354275253,-1.3257083892822266,-3.30256462097168,100,90.03438296510465,-1.1599035263061523,-3.3609542846679688,-77.7976,-80.4583,100,93.4667424543559,-79.4154,-82.6382,100,96.16833238041168,-76.3333,-86.1126,100,99.99433917945053,-77.9728,-81.921,100,98.10756477878304,-78.7657,-79.2898,100,62.81059825737954
18,18,18,18,HaskellMacDonald_9_SP,SP,I need to know if the table or the benches,are,is,100,84.14516939217052,-1.238393783569336,-2.9074630737304688,100,69.77617909125732,-1.4416265487670898,-2.2782888412475586,100,75.63345392787953,-1.2180585861206057,-2.350746154785156,100,70.99424189919785,-1.198007583618164,-2.093111991882324,100,70.99834616562745,-1.5281133651733398,-2.423417091369629,100,96.21833289139185,-0.9608926773071288,-4.197347640991212,100,69.77617909125732,-1.4416265487670898,-2.2782888412475586,100,75.63345392787953,-1.2180585861206057,-2.350746154785156,100,70.99424189919785,-1.198007583618164,-2.0931119918823238,100,70.99834616562745,-1.5281133651733398,-2.423417091369629,100,96.21833289139185,-0.9608926773071288,-4.197347640991212,-76.6059,-83.388,100,99.88673930283382,-86.8676,-89.384,100,92.52835535262668,-87.1084,-88.7247,100,83.4284222291745,-90.3046,-79.2689,0,0.0016115707896882595,-87.1108,-86.6854,0,39.52253023750469
19,19,19,19,HaskellMacDonald_9_PS,PS,I need to know if the tables or the bench,are,is,100,90.9233271332812,-1.558612823486328,-3.862921714782715,100,92.50774127043259,-1.5343236923217771,-4.047745704650879,100,78.3692279180831,-1.363703727722168,-2.651018142700196,100,92.41269765886152,-1.2955236434936523,-3.79531192779541,100,84.78909010618206,-1.320207595825195,-3.0383615493774414,100,92.19101640069836,-1.1163616180419922,-3.584949493408203,100,92.50774127043259,-1.5343236923217771,-4.047745704650879,100,78.3692279180831,-1.363703727722168,-2.6510181427001958,100,92.41269765886152,-1.2955236434936523,-3.79531192779541,100,84.78909010618206,-1.320207595825195,-3.0383615493774414,100,92.19101640069836,-1.1163616180419922,-3.584949493408203,-77.8563,-78.1764,100,57.93486227217106,-81.6714,-85.2844,100,97.3737507826273,-81.7412,-84.771,100,95.3902379235027,-81.0062,-84.5778,100,97.26577726526652,-79.0195,-79.3914,100,59.19180055136138
20,20,20,20,HaskellMacDonald_10_SP,SP,Maria probably knows if the photograph or the paintings,are,is,100,95.97739885384487,-1.2798500061035156,-4.452033996582031,100,72.33922952474587,-1.7614192962646484,-2.7227706909179688,100,78.77821606439528,-1.6712255477905271,-2.9828338623046875,100,53.91336926289112,-2.1217851638793945,-2.2786407470703125,100,81.54297836298964,-1.430185317993164,-2.9158706665039062,100,91.70180443489723,-1.3853912353515625,-3.7878952026367188,100,72.33922952474587,-1.7614192962646484,-2.7227706909179688,100,78.77821606439528,-1.6712255477905271,-2.9828338623046875,100,53.91336926289112,-2.1217851638793945,-2.2786407470703125,100,81.54297836298964,-1.430185317993164,-2.9158706665039062,100,91.70180443489723,-1.3853912353515625,-3.787895202636719,-79.2649,-84.3473,100,99.38332654492235,-86.9094,-91.8233,100,99.27097464808772,-81.8362,-85.2095,100,96.68595932177404,-83.3177,-89.79,100,99.84567187899312,-85.3282,-87.1384,100,85.93860443372957
21,21,21,21,HaskellMacDonald_10_PS,PS,Maria probably knows if the photographs or the painting,are,is,100,95.1788714500475,-1.343475341796875,-4.326225280761719,100,86.47077949690106,-1.4252710342407229,-3.28022575378418,100,82.99300567862555,-1.4993534088134766,-3.0844850540161133,100,80.37260553423975,-1.6337804794311523,-3.0435276031494136,100,88.62214089508137,-1.1993427276611328,-3.2520551681518555,100,88.56003661860625,-1.080129623413086,-3.126697540283203,100,86.47077949690106,-1.4252710342407229,-3.28022575378418,100,82.99300567862555,-1.4993534088134766,-3.0844850540161133,100,80.37260553423975,-1.6337804794311523,-3.0435276031494136,100,88.62214089508137,-1.1993427276611328,-3.2520551681518555,100,88.56003661860625,-1.080129623413086,-3.126697540283203,-83.7053,-84.1366,100,60.61840536641705,-88.5604,-86.2258,0,8.829765585650872,-87.0418,-87.1109,100,51.72681295436008,-87.1455,-89.4033,100,90.5321226780315,-86.1486,-85.0672,0,25.324117109891915
22,22,22,22,HaskellMacDonald_11_SP,SP,It didn't matter to me if the magazine or the books,were,was,100,98.03753489521942,-3.338922500610352,-7.25007152557373,100,88.64790604075819,-2.472146987915039,-4.527417182922363,100,98.40394627243566,-1.7367887496948242,-5.858335494995117,100,89.57675309545326,-2.1872053146362305,-4.3382625579833975,100,91.30606144055392,-2.566887855529785,-4.918478965759277,100,98.75162565618255,-2.2848215103149414,-6.655587196350098,100,88.64790604075819,-2.472146987915039,-4.527417182922363,100,98.40394627243566,-1.7367887496948242,-5.858335494995117,100,89.57675309545326,-2.1872053146362305,-4.3382625579833975,100,91.30606144055392,-2.566887855529785,-4.918478965759277,100,98.75162565618255,-2.2848215103149414,-6.655587196350098,-69.6519,-73.9075,100,98.60138107393567,-68.6837,-70.8166,100,89.40600008620146,-68.7896,-70.0566,100,78.0228764878107,-69.4418,-66.542,0,5.216345067779715,-65.7479,-68.9873,100,96.22903429462285
23,23,23,23,HaskellMacDonald_11_PS,PS,It didn't matter to me if the magazines or the book,were,was,100,94.78990522844576,-3.0612735748291016,-5.962338447570801,100,92.71232491034444,-2.0323028564453125,-4.575619697570801,100,91.85771604034059,-2.193157196044922,-4.616327285766602,100,95.4573907814678,-1.892190933227539,-4.937369346618652,100,97.1792662105448,-2.0098543167114262,-5.54941463470459,100,95.41885973050958,-1.8063812255859373,-4.842709541320801,100,92.71232491034445,-2.0323028564453125,-4.575619697570801,100,91.85771604034059,-2.193157196044922,-4.616327285766602,100,95.4573907814678,-1.892190933227539,-4.937369346618652,100,97.1792662105448,-2.0098543167114262,-5.54941463470459,100,95.41885973050958,-1.8063812255859373,-4.842709541320801,-70.7175,-74.1185,100,96.77357731565122,-68.5736,-69.6522,100,74.62289549192262,-68.2333,-70.1128,100,86.75536848711933,-69.5191,-72.3336,100,94.34543658212858,-65.914,-68.9247,100,95.30551829567963
24,24,24,24,HaskellMacDonald_12_SP,SP,It is hard to tell whether the miner or the truckers,are,is,0,41.26348538244984,-2.226815223693848,-1.87373161315918,0,18.280246985794328,-3.0193986892700195,-1.5219240188598633,0,22.092690385807828,-2.799485206604004,-1.5392122268676758,0,28.925679077012862,-2.9502620697021484,-2.0512657165527344,0,34.004203117195914,-2.4473114013671875,-1.7842044830322266,0,42.17695026791958,-2.5315895080566406,-2.216075897216797,0,18.280246985794328,-3.0193986892700195,-1.5219240188598633,0,22.092690385807828,-2.799485206604004,-1.5392122268676758,0,28.925679077012862,-2.9502620697021484,-2.0512657165527344,0,34.004203117195914,-2.4473114013671875,-1.7842044830322266,0,42.17695026791958,-2.5315895080566406,-2.216075897216797,-80.8531,-83.5328,100,93.58181071772862,-73.0777,-72.9861,0,47.711599856177585,-80.0961,-83.1335,100,95.42354207416105,-72.349,-72.1266,0,44.46280449373192,-76.251,-80.6427,100,98.77717161784443
25,25,25,25,HaskellMacDonald_12_PS,PS,It is hard to tell whether the miners or the trucker,are,is,100,97.26865687810616,-2.2214784622192383,-5.794161796569824,100,94.06290048843165,-2.5075273513793945,-5.270270347595215,100,94.11741478296005,-1.632920265197754,-4.405467033386231,100,95.1830095738258,-1.9537906646728518,-4.9374427795410165,100,91.30634153961759,-2.467254638671875,-4.818881034851074,100,91.48662736437332,-2.199771881103516,-4.574326515197754,100,94.06290048843165,-2.5075273513793945,-5.270270347595215,100,94.11741478296005,-1.6329202651977541,-4.405467033386231,100,95.1830095738258,-1.953790664672852,-4.9374427795410165,100,91.30634153961759,-2.467254638671875,-4.818881034851074,100,91.48662736437332,-2.199771881103516,-4.574326515197754,-89.5096,-91.0585,100,82.47548008756951,-75.4768,-76.7078,100,77.39935497317222,-85.2599,-91.894,100,99.8686964829898,-81.1273,-83.4017,100,90.67345490954045,-86.2407,-87.8142,100,82.82819886656557
26,26,26,26,HaskellMacDonald_13_SP,SP,Ask Ronnie if the ruby or the diamonds,are,is,100,93.7032878829772,-1.6628532409667969,-4.362958908081056,100,93.40838158336426,-1.6579885482788086,-4.309170722961427,100,95.60809694081864,-1.3876867294311523,-4.468181610107422,100,70.83932582658983,-1.992009162902832,-2.879602432250977,100,89.98749646626692,-1.2627582550048828,-3.45859432220459,100,96.14609027536058,-0.9943771362304688,-4.21115779876709,100,93.40838158336426,-1.6579885482788086,-4.309170722961427,100,95.60809694081864,-1.3876867294311523,-4.468181610107422,100,70.83932582658983,-1.9920091629028318,-2.879602432250977,100,89.98749646626692,-1.2627582550048828,-3.45859432220459,100,96.14609027536058,-0.9943771362304688,-4.21115779876709,-57.293,-64.3682,100,99.91548914403214,-63.0537,-71.8399,100,99.98471957421212,-62.4284,-68.1486,100,99.67316620342791,-60.0551,-61.0404,100,72.81585854286766,-60.5592,-63.614,100,95.49893044297453
27,27,27,27,HaskellMacDonald_13_PS,PS,Ask Ronnie if the rubies or the diamond,are,is,0,35.07724819549233,-2.8507108688354488,-2.235065460205078,0,22.172979318147913,-3.102746963500977,-1.8471326828002927,0,5.160755128217741,-4.139166831970215,-1.2280664443969729,0,22.57746586125669,-3.032726287841797,-1.800400733947754,0,13.3880978558741,-3.2413921356201167,-1.3743209838867188,100,54.73298693042404,-1.6812219619750977,-1.8711099624633791,0,22.172979318147913,-3.102746963500977,-1.8471326828002932,0,5.160755128217741,-4.139166831970215,-1.2280664443969729,0,22.577465861256695,-3.032726287841797,-1.8004007339477541,0,13.3880978558741,-3.2413921356201167,-1.3743209838867188,100,54.73298693042404,-1.6812219619750977,-1.8711099624633791,-62.4987,-67.5007,100,99.33204320794246,-70.9004,-67.5453,0,3.3728554535585977,-68.0303,-68.485,100,61.175611822007106,-62.0849,-68.5044,100,99.83731800889689,-65.0553,-67.341,100,90.76857742216811
28,28,28,28,HaskellMacDonald_14_SP,SP,I wonder if the bee or the flies,are,is,100,97.68698941507343,-1.3309040069580078,-5.074122428894043,100,90.40708277851536,-1.6513080596923828,-3.89460563659668,100,74.9449300167293,-1.8852691650390625,-2.9809465408325195,100,97.92373360365978,-1.1058025360107422,-4.959420204162598,100,78.91418276800563,-1.5940284729003906,-2.9137887954711914,100,93.43556318092385,-1.4364910125732422,-4.0920963287353525,100,90.40708277851536,-1.6513080596923828,-3.89460563659668,100,74.9449300167293,-1.8852691650390625,-2.9809465408325195,100,97.92373360365978,-1.1058025360107422,-4.959420204162598,100,78.91418276800563,-1.5940284729003906,-2.9137887954711914,100,93.43556318092385,-1.4364910125732422,-4.0920963287353525,-60.0314,-61.0807,100,74.06404573149366,-60.2845,-59.0449,0,22.450561919500416,-59.2531,-58.052,0,23.127959041949186,-67.2066,-61.6495,0,0.38451120929326843,-64.907,-62.8339,0,11.173898253945584
29,29,29,29,HaskellMacDonald_14_PS,PS,I wonder if the bees or the fly,are,is,100,88.94685729782974,-1.4810037612915041,-3.5663280487060547,100,95.93215630849548,-1.4723548889160156,-4.632883071899414,100,80.39897975779454,-2.0736989974975586,-3.485118865966797,100,97.95357760618109,-1.0849742889404297,-4.953374862670898,100,75.47937473639584,-1.8364410400390625,-2.9607858657836914,100,93.79777626281799,-1.7922382354736328,-4.508471488952637,100,95.93215630849548,-1.4723548889160156,-4.632883071899414,100,80.39897975779454,-2.0736989974975586,-3.485118865966797,100,97.95357760618109,-1.0849742889404297,-4.953374862670898,100,75.47937473639584,-1.8364410400390625,-2.9607858657836914,100,93.79777626281799,-1.7922382354736328,-4.508471488952637,-63.8202,-64.2207,100,59.88077845554191,-68.5265,-67.5567,0,27.49203682473138,-62.9262,-63.9183,100,72.95025120642552,-66.9573,-66.1696,0,31.266273724249693,-63.9955,-63.3645,0,34.72838254334759
30,30,30,30,HaskellMacDonald_15_SP,SP,It doesn't really matter whether the contractor or the banks,are,is,100,96.49523313416712,-1.703237533569336,-5.018607139587402,100,72.8524098772778,-2.370691299438477,-3.357838630676268,100,72.25600937639753,-2.7171287536621094,-3.674324989318848,100,71.23363546199262,-2.7319869995117188,-3.6387453079223633,100,70.80221635037957,-2.538018226623535,-3.4238157272338867,100,91.23844101457595,-2.245128631591797,-4.588231086730957,100,72.8524098772778,-2.370691299438477,-3.357838630676269,100,72.25600937639753,-2.7171287536621094,-3.674324989318848,100,71.23363546199262,-2.7319869995117188,-3.6387453079223633,100,70.80221635037957,-2.538018226623535,-3.4238157272338867,100,91.23844101457595,-2.245128631591797,-4.588231086730957,-68.8007,-75.2242,100,99.8379663848466,-70.196,-74.752,100,98.96051959407788,-72.9583,-76.166,100,96.11230158305159,-66.3615,-70.6776,100,98.68240687496933,-72.7609,-74.9159,100,89.61350844877268
31,31,31,31,HaskellMacDonald_15_PS,PS,It doesn't really matter whether the contractors or the bank,are,is,100,92.48436186342475,-1.7597770690917969,-4.2698307037353525,100,68.2853857963121,-3.4062404632568364,-4.173158645629884,0,48.32342560394624,-3.222362518310547,-3.1552743911743164,100,83.24432013250951,-3.0500478744506836,-4.653090476989746,100,65.1152342969704,-2.9783496856689453,-3.602458000183105,100,69.72939804881072,-2.9358739852905287,-3.770318984985352,100,68.2853857963121,-3.4062404632568364,-4.173158645629884,0,48.32342560394624,-3.222362518310547,-3.1552743911743164,100,83.24432013250951,-3.050047874450684,-4.653090476989746,100,65.1152342969704,-2.9783496856689453,-3.602458000183105,100,69.72939804881072,-2.935873985290528,-3.770318984985352,-68.3504,-71.3364,100,95.19376311214516,-68.0572,-70.3596,100,90.90756109909233,-72.7724,-75.57,100,94.25459947544852,-68.2858,-71.5836,100,96.43532606295393,-70.7442,-72.9792,100,90.33487890584088
32,32,32,32,HaskellMacDonald_16_SP,SP,the most money. Can you tell me whether the swing or the slides,are,is,100,93.75264007133816,-1.9174451828002927,-4.625946044921875,100,82.72496998943652,-1.8667516708374023,-3.433011054992676,100,86.42783513400559,-1.7802534103393557,-3.631542205810547,100,63.189737291997844,-2.559248924255371,-3.099614143371582,100,94.47669328977871,-1.8676862716674805,-4.707062721252441,100,89.75475310704573,-1.7236413955688477,-3.8939085006713854,100,82.72496998943652,-1.8667516708374023,-3.4330110549926762,100,86.42783513400559,-1.7802534103393557,-3.631542205810547,100,63.189737291997844,-2.559248924255371,-3.099614143371582,100,94.47669328977871,-1.8676862716674805,-4.707062721252441,100,89.75475310704573,-1.7236413955688477,-3.8939085006713863,-24.041,-24.041,0,50.000000000000085,-35.3328,-35.3328,0,49.99999999999991,-29.3618,-29.3618,0,50.000000000000085,-32.1108,-31.5552,0,36.456614478318386,-29.1938,-29.1938,0,50.000000000000085
33,33,33,33,HaskellMacDonald_16_PS,PS,the most money. Can you tell me whether the swings or the slide,are,is,100,57.02020955681122,-2.3610382080078125,-2.64371395111084,100,74.43085659573794,-2.1716985702514653,-3.2401828765869136,0,44.76001171903521,-2.759428024291992,-2.549056053161621,100,83.21892457251997,-2.137554168701172,-3.7387771606445312,100,50.51808887126664,-2.978809356689453,-2.9995336532592773,100,84.2430685621666,-1.5123071670532229,-3.1887331008911133,100,74.43085659573794,-2.1716985702514653,-3.2401828765869136,0,44.76001171903521,-2.7594280242919917,-2.549056053161621,100,83.21892457251997,-2.137554168701172,-3.7387771606445312,100,50.51808887126664,-2.978809356689453,-2.9995336532592773,100,84.2430685621666,-1.5123071670532229,-3.1887331008911133,-24.041,-24.041,0,50.000000000000085,-28.9392,-28.9392,0,50.000000000000085,-33.2558,-29.3618,0,1.9957322511482436,-31.5552,-32.1108,100,63.54338552168147,-29.1938,-29.1938,0,50.000000000000085
34,34,34,34,HaskellMacDonald_17_SP,SP,Do you think the window or the walls,are,is,100,96.4696673611412,-1.840303421020508,-5.148139953613281,100,84.63641655028988,-2.0303525924682617,-3.7367172241210938,100,58.79488814140086,-1.847556114196777,-2.2030487060546875,100,86.50812260058538,-2.33990478515625,-4.198055267333984,100,86.59457504948347,-2.052719116210937,-3.9182968139648438,100,97.2531563985931,-1.346858024597168,-4.913722991943359,100,84.63641655028988,-2.0303525924682617,-3.7367172241210938,100,58.79488814140086,-1.8475561141967771,-2.2030487060546875,100,86.50812260058538,-2.33990478515625,-4.1980552673339835,100,86.59457504948347,-2.052719116210937,-3.918296813964844,100,97.2531563985931,-1.346858024597168,-4.9137229919433585,-60.1126,-58.5798,0,17.758438167538266,-60.8199,-60.9525,100,53.310151287745924,-57.6335,-60.6096,100,95.1482650633742,-64.4721,-63.6712,0,30.983303306916365,-59.5205,-60.6642,100,75.8358315622688
35,35,35,35,HaskellMacDonald_17_PS,PS,Do you think the windows or the wall,are,is,100,80.57934198770396,-2.21426010131836,-3.637165069580078,100,72.61575387107666,-2.309652328491211,-3.2848663330078125,100,82.97551302142351,-1.8276405334472656,-3.41153335571289,100,88.06541188534544,-1.990159034729004,-3.988798141479492,100,75.71748941864212,-2.219132423400879,-3.3563852310180664,100,91.97537435434168,-1.410444259643555,-3.84945011138916,100,72.61575387107666,-2.309652328491211,-3.2848663330078125,100,82.97551302142351,-1.8276405334472656,-3.41153335571289,100,88.06541188534544,-1.9901590347290041,-3.9887981414794917,100,75.71748941864212,-2.219132423400879,-3.3563852310180664,100,91.97537435434168,-1.410444259643555,-3.84945011138916,-66.8739,-61.9294,0,0.7072104126490326,-64.34,-60.772,0,2.7438131098334817,-63.4371,-65.3921,100,87.59908182286038,-65.5997,-66.3322,100,67.5353640444418,-62.2753,-61.1791,0,25.045257684229977
36,36,36,36,HaskellMacDonald_18_SP,SP,Do you remember if the dresser or the beds,were,was,100,97.09622600352806,-2.76669979095459,-6.27639102935791,100,92.47278644384691,-2.1646146774291988,-4.673004150390625,100,89.38943364757624,-2.0989465713500977,-4.2300987243652335,100,92.44326658071556,-2.4288349151611333,-4.932991027832031,100,94.22787618663624,-2.345985412597656,-5.1386613845825195,100,96.68234726638971,-2.730152130126953,-6.102325439453125,100,92.47278644384693,-2.1646146774291988,-4.673004150390625,100,89.38943364757624,-2.0989465713500977,-4.2300987243652335,100,92.44326658071556,-2.4288349151611333,-4.932991027832031,100,94.22787618663624,-2.345985412597656,-5.13866138458252,100,96.68234726638973,-2.730152130126953,-6.102325439453125,-58.771,-62.4359,100,97.50326016452672,-62.1073,-65.9286,100,97.85699892449286,-59.1452,-61.4275,100,90.7400485196075,-57.5645,-58.2548,100,66.60336599224355,-59.5236,-62.2842,100,94.05092138773249
37,37,37,37,HaskellMacDonald_18_PS,PS,Do you remember if the dressers or the bed,were,was,0,44.022906352998774,-3.5792484283447266,-3.33901596069336,0,24.618151915478315,-4.144684791564941,-3.0256023406982417,0,28.621366342391237,-3.5510292053222656,-2.6371841430664062,0,49.311633690464774,-3.5619277954101562,-3.5343914031982417,0,32.738956405045684,-4.6244306564331055,-3.9044151306152335,0,41.852793946546576,-3.8833436965942383,-3.5545244216918945,0,24.618151915478315,-4.144684791564941,-3.0256023406982417,0,28.621366342391237,-3.5510292053222656,-2.6371841430664062,0,49.311633690464774,-3.561927795410156,-3.5343914031982417,0,32.738956405045684,-4.6244306564331055,-3.9044151306152335,0,41.852793946546576,-3.8833436965942383,-3.5545244216918945,-59.4726,-63.7615,100,98.64656819557973,-66.6395,-68.3272,100,84.39214479741366,-62.9686,-65.379,100,91.76169253652188,-59.6647,-63.6776,100,98.22402278228037,-65.1655,-67.9811,100,94.3513020251728
38,38,38,38,HaskellMacDonald_19_SP,SP,Did Naomi say whether the bookshelf or the desks,are,is,100,98.74916727353695,-2.171319961547852,-6.540093421936035,100,88.27816190469946,-2.70351791381836,-4.722557067871094,100,90.82300235548836,-1.851022720336914,-4.143235206604004,100,83.10386248061083,-2.094991683959961,-3.687997817993164,100,91.89891269719894,-2.5105438232421875,-4.939234733581543,100,94.10334882081436,-1.9283380508422847,-4.698347091674805,100,88.27816190469945,-2.70351791381836,-4.722557067871094,100,90.82300235548836,-1.851022720336914,-4.143235206604004,100,83.10386248061083,-2.094991683959961,-3.6879978179931636,100,91.89891269719894,-2.5105438232421875,-4.939234733581543,100,94.10334882081436,-1.9283380508422847,-4.698347091674805,-74.2031,-80.9713,100,99.88515580736491,-77.5709,-81.9325,100,98.74027565334139,-74.8224,-77.5874,100,94.07549244177399,-73.9068,-77.5384,100,97.42089933210796,-76.0262,-78.4348,100,91.74807500510167
39,39,39,39,HaskellMacDonald_19_PS,PS,Did Naomi say whether the bookshelves or the desk,are,is,0,16.286158271987244,-3.7174482345581055,-2.0803594589233403,0,13.631844435182481,-3.929601669311523,-2.083391189575196,0,17.109919474619268,-3.1476840972900386,-1.5698270797729492,0,19.986865357931162,-3.079340934753418,-1.6922254562377932,0,10.322950966030426,-3.8654775619506836,-1.7036323547363281,0,22.160326354972128,-2.9940013885498047,-1.737653732299805,0,13.631844435182481,-3.929601669311523,-2.0833911895751958,0,17.109919474619268,-3.1476840972900386,-1.5698270797729492,0,19.986865357931162,-3.079340934753418,-1.6922254562377932,0,10.322950966030426,-3.865477561950684,-1.703632354736328,0,22.160326354972128,-2.9940013885498047,-1.737653732299805,-77.6576,-80.4184,100,94.05204032179888,-78.7793,-78.8772,100,52.4455470514752,-77.2504,-79.4909,100,90.38279285677176,-76.2521,-80.6554,100,98.79110398353409,-78.7276,-80.721,100,88.01023768709844
40,40,40,40,HaskellMacDonald_20_SP,SP,Can you ask the guide if the sword or the guns,are,is,100,93.63181656327845,-1.0506553649902344,-3.7387113571166974,100,90.5467374293259,-1.899343490600586,-4.1588497161865225,100,71.6360861819651,-1.6992101669311523,-2.6256914138793945,100,87.38631561688618,-1.624155044555664,-3.559711456298828,100,86.30640681411595,-1.5662546157836914,-3.4072303771972656,100,93.11264042582417,-1.187270164489746,-3.791392326354982,100,90.5467374293259,-1.899343490600586,-4.1588497161865225,100,71.6360861819651,-1.6992101669311523,-2.6256914138793945,100,87.38631561688617,-1.624155044555664,-3.559711456298828,100,86.30640681411593,-1.5662546157836914,-3.4072303771972656,100,93.11264042582417,-1.1872701644897459,-3.791392326354981,-71.9897,-71.4622,0,37.110016184837846,-76.0154,-77.2258,100,77.03697167855431,-73.9612,-74.8938,100,71.76024712876855,-72.1889,-71.0757,0,24.72747910926525,-72.9126,-72.1924,0,32.73489430891745
41,41,41,41,HaskellMacDonald_20_PS,PS,Can you ask the guide if the swords or the gun,are,is,100,88.10343810768332,-1.4378738403320312,-3.440135955810547,100,77.60271086815833,-1.834490776062012,-3.077153205871582,100,77.72930925921374,-1.8257064819335933,-3.075667381286621,100,87.73241399960293,-1.803667068481445,-3.770998001098633,100,66.18641844597373,-1.892563819885254,-2.5641765594482417,100,94.51448198828268,-0.8467073440551758,-3.69334888458252,100,77.60271086815833,-1.834490776062012,-3.077153205871582,100,77.72930925921374,-1.8257064819335935,-3.075667381286621,100,87.73241399960293,-1.803667068481445,-3.7709980010986333,100,66.18641844597373,-1.8925638198852541,-2.5641765594482417,100,94.51448198828268,-0.8467073440551758,-3.69334888458252,-72.3372,-77.3926,100,99.36655645368542,-78.1019,-80.1383,100,88.456618469649,-72.3989,-74.3166,100,87.18817342120701,-68.2598,-72.8281,100,98.9730964012651,-72.0108,-72.9939,100,72.77228908562313
42,42,42,42,HaskellMacDonald_21_SP,SP,Did Samantha say whether the lamp or the plants,were,was,100,95.1304125564768,-1.8838958740234373,-4.856135368347168,100,89.60632266699629,-1.8373136520385744,-3.991541862487793,100,84.56205091670999,-2.91574764251709,-4.616404533386231,100,71.9830437741347,-3.1450681686401367,-4.088688850402832,100,90.70780904440731,-1.741058349609375,-4.0195274353027335,100,91.79548759305807,-2.17342472076416,-4.588303565979004,100,89.60632266699629,-1.8373136520385744,-3.991541862487793,100,84.56205091670999,-2.91574764251709,-4.616404533386231,100,71.9830437741347,-3.1450681686401367,-4.088688850402832,100,90.70780904440731,-1.741058349609375,-4.0195274353027335,100,91.79548759305807,-2.1734247207641597,-4.588303565979004,-67.596,-71.7969,100,98.52390627711618,-67.668,-71.811,100,98.43729276570811,-70.1267,-71.9071,100,85.57462507782361,-63.6772,-64.9722,100,78.49922886281084,-68.9984,-71.7384,100,93.93460966843512
43,43,43,43,HaskellMacDonald_21_PS,PS,Did Samantha say whether the lamps or the plant,were,was,100,89.62670679592745,-1.8439197540283203,-4.000338554382323,100,81.9103637236263,-2.380304336547852,-3.89059066772461,100,86.74679039193319,-2.7667360305786133,-4.645489692687988,100,78.17868329011499,-3.229084014892578,-4.505193710327148,100,89.96787967402938,-1.4813299179077148,-3.6749906539916983,100,81.19984129724634,-2.247143745422364,-3.7101917266845694,100,81.9103637236263,-2.380304336547852,-3.89059066772461,100,86.74679039193319,-2.7667360305786133,-4.645489692687988,100,78.17868329011499,-3.229084014892578,-4.505193710327148,100,89.96787967402938,-1.4813299179077148,-3.6749906539916988,100,81.19984129724634,-2.2471437454223637,-3.7101917266845694,-68.9024,-72.7161,100,97.84100304064755,-66.2151,-68.2001,100,87.92131566057907,-67.1268,-68.4396,100,78.7981320000778,-62.0411,-65.5637,100,97.13240124432137,-67.9767,-69.982,100,88.13524218718966
44,44,44,44,HaskellMacDonald_22_SP,SP,Can you tell me if the TV or the radios,were,was,100,98.93333182574726,-2.204822540283203,-6.734728813171388,100,98.99892651968665,-2.3885202407836914,-6.982556343078612,100,97.80345841293264,-2.5535564422607417,-6.349632263183594,100,94.83853533772957,-2.334136962890625,-5.245092391967773,100,97.52465655529362,-2.764134407043457,-6.4378604888916025,100,96.65113003298215,-2.6570043563842773,-6.019489288330077,100,98.99892651968665,-2.3885202407836914,-6.982556343078612,100,97.80345841293264,-2.5535564422607417,-6.349632263183594,100,94.83853533772957,-2.334136962890625,-5.245092391967773,100,97.52465655529362,-2.764134407043457,-6.4378604888916025,100,96.65113003298215,-2.6570043563842773,-6.019489288330077,-66.3581,-68.0888,100,84.95019360283568,-71.6043,-74.0649,100,92.13331608449937,-68.4237,-71.4219,100,95.24927425585449,-69.0419,-67.2697,0,14.526895075867788,-68.1696,-70.9676,100,94.2567652137448
45,45,45,45,HaskellMacDonald_22_PS,PS,Can you tell me if the TVs or the radio,were,was,100,87.61142465917752,-2.932124137878418,-4.888260841369629,100,88.69838512837141,-3.5917797088623047,-5.65207576751709,100,93.06009125916587,-3.239389419555664,-5.835346221923827,100,92.5563499021818,-3.4833583831787114,-6.003814697265625,100,74.42330559168494,-4.462417602539063,-5.530505180358887,100,89.76685759045506,-3.77988338470459,-5.951467514038086,100,88.69838512837141,-3.5917797088623047,-5.65207576751709,100,93.06009125916587,-3.2393894195556636,-5.835346221923827,100,92.5563499021818,-3.4833583831787114,-6.003814697265625,100,74.42330559168494,-4.462417602539063,-5.530505180358887,100,89.76685759045506,-3.77988338470459,-5.951467514038086,-67.4578,-70.5133,100,95.50193841613444,-72.3072,-74.9131,100,93.12403297089149,-71.2634,-73.3647,100,89.1029467726081,-71.6005,-74.6847,100,95.62362852861327,-72.4084,-74.1217,100,84.72638196604844
46,46,46,46,HaskellMacDonald_23_SP,SP,Can you tell me whether the mug or the cups,are,is,100,84.68052389253852,-1.6482772827148438,-3.3580379486083984,100,81.13339361871192,-1.6967973709106443,-3.155498504638672,0,49.2971644837883,-2.0346603393554688,-2.006545066833496,100,75.48687547442081,-2.0797472000122066,-3.2044973373413086,100,90.84279926172924,-1.455434799194336,-3.7500247955322266,100,93.38146674936169,-1.412954330444336,-4.0597734451293945,100,81.13339361871192,-1.6967973709106443,-3.155498504638672,0,49.2971644837883,-2.0346603393554688,-2.0065450668334956,100,75.48687547442081,-2.0797472000122066,-3.2044973373413086,100,90.84279926172924,-1.455434799194336,-3.7500247955322266,100,93.38146674936169,-1.412954330444336,-4.0597734451293945,-60.2367,-62.3555,100,89.27170556857446,-68.5118,-71.9098,100,96.7641971864683,-64.7007,-66.7246,100,88.32836756558301,-67.4285,-70.4918,100,95.53532648837047,-73.1806,-72.067,0,24.720034663172747
47,47,47,47,HaskellMacDonald_23_PS,PS,Can you tell me whether the mugs or the cup,are,is,100,85.63945639070643,-1.593217849731445,-3.3788795471191406,100,72.64547948659231,-1.87139892578125,-2.848108291625977,100,52.716629011537215,-2.0510215759277344,-2.1597938537597656,100,82.82293075933418,-1.6897153854370115,-3.262845039367676,100,69.60838286757935,-1.9319038391113281,-2.7606220245361333,100,58.456927248975106,-2.3527755737304688,-2.694334983825684,100,72.64547948659231,-1.87139892578125,-2.848108291625977,100,52.716629011537215,-2.0510215759277344,-2.1597938537597656,100,82.82293075933418,-1.6897153854370115,-3.2628450393676762,100,69.60838286757935,-1.931903839111328,-2.7606220245361333,100,58.4569272489751,-2.3527755737304688,-2.694334983825684,-64.8342,-67.8478,100,95.318476152135,-67.4836,-70.5708,100,95.636165894803,-62.5123,-64.2046,100,84.45263928343194,-60.8721,-66.5437,100,99.65694560410653,-66.1523,-65.5799,0,36.06832220092064
48,48,48,48,HaskellMacDonald_24_SP,SP,The guidebook must say whether the river or the mountains,are,is,100,83.81761763437085,-1.6205911636352541,-3.2653112411499023,0,42.222170770271546,-2.308605194091797,-1.9949455261230469,100,77.1922589384116,-1.695413589477539,-2.9146127700805664,100,67.49503937671885,-1.4089908599853516,-2.1396522521972656,100,71.56221925142864,-1.2786741256713867,-2.201522827148437,100,93.16124306116696,-1.1954793930053709,-3.807205200195313,0,42.222170770271546,-2.308605194091797,-1.9949455261230469,100,77.1922589384116,-1.695413589477539,-2.9146127700805664,100,67.49503937671885,-1.4089908599853516,-2.1396522521972656,100,71.56221925142864,-1.2786741256713867,-2.201522827148437,100,93.16124306116696,-1.1954793930053709,-3.807205200195313,-77.5012,-78.1567,100,65.82488026044267,-75.872,-79.0444,100,95.97823273798024,-76.0527,-80.7023,100,99.05252031445009,-81.4287,-78.6777,0,6.003019876779367,-74.0972,-76.0179,100,87.22164724392016
49,49,49,49,HaskellMacDonald_24_PS,PS,The guidebook must say whether the rivers or the mountain,are,is,100,81.75032045731571,-1.8015098571777344,-3.301032066345215,100,70.78752650338195,-2.2860240936279297,-3.1711111068725586,100,86.1724108616233,-1.7935848236083984,-3.6232690811157213,100,92.7545268083685,-1.0795173645019531,-3.6290969848632812,100,91.27355247287892,-1.1854228973388672,-3.5329256057739262,100,67.28451777128403,-1.328874588012695,-2.0499563217163086,100,70.78752650338195,-2.2860240936279297,-3.1711111068725586,100,86.1724108616233,-1.7935848236083984,-3.623269081115722,100,92.7545268083685,-1.0795173645019531,-3.629096984863281,100,91.27355247287892,-1.1854228973388672,-3.5329256057739262,100,67.28451777128403,-1.328874588012695,-2.0499563217163086,-79.241,-79.3728,100,53.2902384183034,-81.0687,-80.0224,0,25.993623509002372,-79.2134,-81.3446,100,89.38988745452549,-80.1825,-85.3746,100,99.44704282981095,-74.4161,-74.4336,100,50.43748883497735
50,50,50,50,HaskellMacDonald_25_SP,SP,Would you say the copier or the printers,are,is,100,89.52427965760126,-4.3158206939697275,-6.461270332336426,100,74.98044197105223,-3.3071269989013667,-4.404696464538574,100,59.883855610316154,-4.44284725189209,-4.843475341796875,100,83.19327161048778,-4.079155921936035,-5.6785430908203125,100,84.66735582682355,-3.7791900634765625,-5.487936019897461,100,58.31567609816707,-4.476190567016602,-4.811936378479004,100,74.98044197105223,-3.3071269989013667,-4.404696464538574,100,59.883855610316154,-4.44284725189209,-4.843475341796875,100,83.19327161048778,-4.079155921936035,-5.6785430908203125,100,84.66735582682355,-3.7791900634765625,-5.487936019897461,100,58.31567609816707,-4.476190567016602,-4.811936378479004,-78.1301,-78.3658,100,55.86537113371083,-85.7148,-82.4534,0,3.691939811296473,-79.1965,-75.4688,0,2.348335324401495,-82.5464,-80.3581,0,10.080608419430334,-77.32,-77.8453,100,62.83862460847251
51,51,51,51,HaskellMacDonald_25_PS,PS,Would you say the copiers or the printer,are,is,0,9.57710663229013,-5.853559494018555,-3.6084375381469727,0,24.551756632582002,-4.194347381591797,-3.071683883666992,0,14.951949423860677,-5.323357582092285,-3.5849828720092773,0,9.429062308172492,-5.609583854675293,-3.3472471237182617,0,27.08755809086348,-4.570491790771484,-3.580307006835937,0,21.501027387532684,-4.70616340637207,-3.4111785888671875,0,24.551756632582002,-4.194347381591797,-3.0716838836669917,0,14.951949423860677,-5.323357582092285,-3.5849828720092773,0,9.429062308172492,-5.609583854675293,-3.3472471237182617,0,27.08755809086348,-4.5704917907714835,-3.580307006835937,0,21.501027387532684,-4.70616340637207,-3.4111785888671875,-75.8679,-78.2558,100,91.58999521329717,-79.6486,-78.4573,0,23.302651243404362,-72.9406,-73.5923,100,65.73934514695809,-74.6743,-74.5387,0,46.615184895754545,-77.0136,-78.0653,100,74.11012121994608
52,52,52,52,HaskellMacDonald_26_SP,SP,Ask the doctor whether the passenger or the drivers,were,was,100,96.33121525860004,-2.256538391113281,-5.524470329284668,100,88.43690253798559,-2.145461082458496,-4.179931640625,100,90.76575488724907,-2.8244810104370117,-5.109844207763672,100,78.06825798640182,-2.6167306900024414,-3.88637924194336,100,90.323220851365,-2.634204864501953,-4.867870330810547,100,97.01079976026928,-2.90191650390625,-6.381732940673827,100,88.43690253798559,-2.1454610824584956,-4.179931640625,100,90.76575488724907,-2.824481010437012,-5.109844207763672,100,78.06825798640182,-2.6167306900024414,-3.88637924194336,100,90.32322085136501,-2.634204864501953,-4.867870330810547,100,97.01079976026928,-2.90191650390625,-6.381732940673827,-76.2111,-83.5663,100,99.93611488388146,-76.7528,-82.0961,100,99.52426699508867,-79.241,-82.3574,100,95.75641828191486,-74.5915,-78.6706,100,98.33589225604442,-76.3558,-79.5632,100,96.11118046103998
53,53,53,53,HaskellMacDonald_26_PS,PS,Ask the doctor whether the passengers or the driver,were,was,100,94.01855714584353,-2.0492982864379883,-4.804128646850586,100,79.67034975799034,-2.2714223861694336,-3.6372394561767583,100,70.34466206085949,-3.2186355590820312,-4.082400321960448,100,85.32565035354924,-2.992948532104492,-4.753322601318359,100,81.8845322759734,-3.559983253479004,-5.068527221679688,100,81.83700789105956,-3.1664581298828125,-4.671801567077637,100,79.67034975799034,-2.2714223861694336,-3.6372394561767583,100,70.34466206085949,-3.2186355590820312,-4.082400321960448,100,85.32565035354924,-2.9929485321044917,-4.7533226013183585,100,81.8845322759734,-3.559983253479004,-5.068527221679688,100,81.83700789105956,-3.1664581298828125,-4.671801567077637,-72.589,-75.3346,100,93.96643728266938,-77.3035,-79.918,100,93.17889649133825,-81.2161,-82.9045,100,84.40136284047207,-72.2745,-76.3094,100,98.26199598010083,-73.5562,-77.0089,100,96.93115584796624
54,54,54,54,HaskellMacDonald_27_SP,SP,Marcus will tell you whether the pitcher or the teapots,are,is,0,38.3752481720387,-2.5526933670043945,-2.079042434692384,0,32.70181743970962,-2.5275087356567383,-1.8058061599731443,0,18.127651119868453,-3.0974254608154297,-1.5897026062011719,0,30.869920924854988,-2.481895446777344,-1.6756877899169922,0,22.405660983853306,-2.699531555175781,-1.457350730895996,100,61.69928503563936,-2.6030635833740234,-3.0798673629760738,0,32.70181743970962,-2.5275087356567383,-1.8058061599731443,0,18.127651119868453,-3.0974254608154297,-1.589702606201172,0,30.869920924854988,-2.481895446777344,-1.6756877899169922,0,22.405660983853306,-2.699531555175781,-1.4573507308959959,100,61.699285035639356,-2.6030635833740234,-3.0798673629760738,-83.8704,-87.5544,100,97.54933778808936,-87.8228,-90.7024,100,94.68287295662203,-86.5798,-89.4867,100,94.81864764283235,-83.9072,-88.0108,100,98.37551324318065,-84.4808,-85.0072,100,62.86430784567012
55,55,55,55,HaskellMacDonald_27_PS,PS,Marcus will tell you whether the pitchers or the teapot,are,is,100,94.45904002469109,-1.6395711898803709,-4.475569725036621,100,96.9109803812582,-1.5027503967285156,-4.9486894607543945,100,81.3806259183324,-2.1439142227172847,-3.61884880065918,100,96.42101489635893,-1.4843397140502932,-4.777984619140625,100,93.4458330630428,-2.0014123916625977,-4.658693313598633,100,84.41598801462915,-2.313488006591797,-4.0029993057250985,100,96.9109803812582,-1.5027503967285156,-4.9486894607543945,100,81.3806259183324,-2.1439142227172847,-3.61884880065918,100,96.42101489635891,-1.4843397140502932,-4.777984619140625,100,93.4458330630428,-2.0014123916625977,-4.658693313598633,100,84.41598801462915,-2.313488006591797,-4.0029993057250985,-90.6545,-88.6617,0,11.996095087959228,-88.1046,-86.698,0,19.67708795369281,-87.136,-88.7638,100,83.58680378996405,-89.1744,-85.4363,0,2.32460398465634,-85.9418,-85.5983,0,41.49595365360502
56,56,56,56,HaskellMacDonald_28_SP,SP,Do you remember if the martini or the beers,are,is,100,99.21284786300308,-1.1314125061035156,-5.9680137634277335,100,97.24725245974022,-1.518693923950195,-5.083351135253906,100,87.26522784481766,-1.9934806823730469,-3.9180965423583984,100,97.70096524003769,-1.434988021850586,-5.184410095214844,100,93.19762684792157,-1.4207639694213867,-4.038214683532715,100,97.5874478475702,-0.9642829895019532,-4.664346694946289,100,97.24725245974022,-1.518693923950195,-5.083351135253906,100,87.26522784481766,-1.9934806823730469,-3.9180965423583984,100,97.70096524003769,-1.434988021850586,-5.184410095214844,100,93.19762684792157,-1.4207639694213867,-4.038214683532715,100,97.5874478475702,-0.9642829895019532,-4.664346694946289,-63.2181,-64.4395,100,77.2309829576265,-66.4028,-66.9543,100,63.44835324034156,-65.316,-65.1129,0,44.939882044494496,-64.6101,-62.5901,0,11.711899087578027,-68.0922,-68.856,100,68.21781857589689
57,57,57,57,HaskellMacDonald_28_PS,PS,Do you remember if the martinis or the beer,are,is,0,23.378407595105987,-2.811788558959961,-1.6247224807739258,0,9.820509437707155,-3.5445528030395512,-1.327223777770996,0,7.813461193496371,-3.819990158081055,-1.3520240783691406,0,30.582061288291392,-2.4535789489746094,-1.6338472366333008,0,6.770056325317474,-3.741360664367676,-1.1188011169433594,0,28.30452060646323,-2.1102132797241206,-1.180807113647461,0,9.820509437707155,-3.5445528030395512,-1.3272237777709959,0,7.813461193496371,-3.819990158081055,-1.3520240783691406,0,30.582061288291392,-2.4535789489746094,-1.6338472366333008,0,6.770056325317474,-3.7413606643676762,-1.1188011169433594,0,28.30452060646323,-2.1102132797241206,-1.180807113647461,-60.6682,-59.5627,0,24.871077916728186,-65.1506,-65.8508,100,66.82321132511511,-63.0425,-63.3833,100,58.43848394020371,-62.2659,-59.8301,0,8.04831887277876,-64.0732,-65.6331,100,82.63390031637941
58,58,58,58,HaskellMacDonald_29_SP,SP,Ask the boss if the crate or the boxes,are,is,100,93.45348628521212,-1.111398696899414,-3.7699298858642583,100,82.49619632194248,-1.573533058166504,-3.1238670349121094,100,73.81674744015713,-1.3449716567993164,-2.3814373016357417,100,84.59630677358886,-1.5404033660888672,-3.24368667602539,100,81.35876670813565,-1.218470573425293,-2.691963195800781,100,88.93427785056556,-1.3342342376708984,-3.4182796478271484,100,82.49619632194248,-1.5735330581665041,-3.1238670349121094,100,73.81674744015713,-1.3449716567993164,-2.3814373016357417,100,84.59630677358886,-1.5404033660888672,-3.24368667602539,100,81.35876670813565,-1.218470573425293,-2.691963195800781,100,88.93427785056556,-1.3342342376708984,-3.4182796478271484,-66.5687,-65.467,0,24.942150114425335,-71.2891,-73.9915,100,93.71681140022152,-72.315,-74.8973,100,92.9713713817186,-68.834,-68.4387,0,40.244208732587516,-66.7914,-66.3172,0,38.362264290721896
59,59,59,59,HaskellMacDonald_29_PS,PS,Ask the boss if the crates or the box,are,is,100,81.56251939179512,-1.6333551406860352,-3.1203393936157227,100,68.01730420559036,-2.1525754928588867,-2.9071426391601562,100,57.33390063517192,-2.3631420135498047,-2.6586294174194336,100,75.18462462689179,-1.847243309020996,-2.9557266235351562,100,70.1970517659625,-1.3155221939086914,-2.1722211837768555,100,80.29424245284594,-1.3787727355957031,-2.783559799194336,100,68.01730420559036,-2.1525754928588867,-2.907142639160156,100,57.33390063517192,-2.3631420135498047,-2.6586294174194336,100,75.18462462689179,-1.8472433090209959,-2.955726623535156,100,70.1970517659625,-1.3155221939086914,-2.1722211837768555,100,80.29424245284594,-1.3787727355957031,-2.783559799194336,-70.749,-75.6521,100,99.26311683678713,-72.7712,-76.7242,100,98.11645601652428,-76.0672,-76.7988,100,67.51562833204706,-72.113,-75.6753,100,97.24093523994087,-72.4144,-73.2413,100,69.56990524175599
60,60,60,60,HaskellMacDonald_30_SP,SP,I'm confused about whether the statue or the vases,were,was,100,65.40007792218965,-1.8430128097534184,-2.479684829711914,100,74.15232404497044,-1.4977464675903318,-2.551647186279297,100,76.29022311613905,-1.569684982299805,-2.73834228515625,100,61.2757373606921,-2.0432558059692383,-2.50217342376709,100,70.80298522950909,-1.4986410140991209,-2.3844757080078125,100,82.87545459334503,-1.8661508560180664,-3.442976951599121,100,74.15232404497044,-1.4977464675903318,-2.551647186279297,100,76.29022311613905,-1.569684982299805,-2.73834228515625,100,61.2757373606921,-2.0432558059692383,-2.50217342376709,100,70.80298522950909,-1.4986410140991209,-2.3844757080078125,100,82.87545459334503,-1.8661508560180664,-3.442976951599121,-69.2778,-71.8262,100,92.74659516523724,-71.662,-74.5549,100,94.74943404968124,-73.2979,-75.5004,100,90.0473787169913,-71.8806,-74.4807,100,93.08680152092757,-72.1343,-73.96,100,86.12486771827027
61,61,61,61,HaskellMacDonald_30_PS,PS,I'm confused about whether the statues or the vase,were,was,100,94.12431201887216,-1.2661666870117188,-4.039959907531738,100,92.42071793976507,-1.4562044143676758,-3.957137107849121,100,92.28163882216623,-1.96394157409668,-4.445184707641602,100,91.34573877539252,-1.8435745239257808,-4.200174331665038,100,95.5176397310617,-1.5251216888427734,-4.584282875061035,100,96.74324675126705,-1.215433120727539,-4.606762886047363,100,92.42071793976507,-1.4562044143676758,-3.957137107849121,100,92.28163882216623,-1.96394157409668,-4.445184707641602,100,91.34573877539252,-1.8435745239257808,-4.200174331665038,100,95.5176397310617,-1.5251216888427734,-4.584282875061035,100,96.74324675126705,-1.215433120727539,-4.606762886047363,-71.6085,-71.6121,100,50.08999990280019,-74.1753,-73.5862,0,35.68413827312379,-74.003,-74.1858,100,54.5573165155102,-76.1046,-75.3813,0,32.66667147776832,-73.3701,-73.2292,0,46.48331608065401
62,62,62,62,HaskellMacDonald_31_SP,SP,Do you think the light or the signs,are,is,100,93.82316539082329,-2.1876258850097656,-4.908231735229492,100,80.31347460169673,-2.2984323501586914,-3.7044353485107417,100,59.37627187641185,-3.057978630065918,-3.4375209808349614,100,94.71983811782087,-2.38166618347168,-5.268632888793945,100,91.08048169891924,-1.9766178131103518,-4.300119400024413,100,95.78747686669772,-1.8957910537719729,-5.019861221313477,100,80.31347460169673,-2.2984323501586914,-3.7044353485107417,100,59.37627187641185,-3.057978630065918,-3.4375209808349614,100,94.71983811782087,-2.38166618347168,-5.268632888793945,100,91.08048169891924,-1.976617813110352,-4.300119400024413,100,95.78747686669773,-1.8957910537719729,-5.019861221313477,-66.0433,-66.3305,100,57.13105088058976,-69.109,-67.6815,0,19.34885120828342,-63.8935,-71.1722,100,99.93103937973484,-72.7967,-73.3404,100,63.26727114844336,-69.0342,-71.629,100,93.05261657685617
63,63,63,63,HaskellMacDonald_31_PS,PS,Do you think the lights or the sign,are,is,100,75.1835392360089,-2.729822158813477,-3.8382472991943364,100,77.78550445946092,-2.6983442306518555,-3.951554298400879,100,64.35367149655463,-2.5662097930908203,-3.156957626342773,100,66.40054146190498,-2.999741554260254,-3.680936813354492,0,37.31565732574671,-3.052942276000977,-2.534243583679199,100,78.68815461373259,-1.7821969985961914,-3.0884265899658203,100,77.78550445946092,-2.6983442306518555,-3.951554298400879,100,64.35367149655463,-2.5662097930908203,-3.156957626342773,100,66.40054146190498,-2.999741554260254,-3.6809368133544917,0,37.31565732574671,-3.052942276000977,-2.534243583679199,100,78.68815461373259,-1.7821969985961914,-3.0884265899658203,-69.2262,-67.0142,0,9.867804896422642,-71.7943,-69.3177,0,7.751497494426307,-73.0196,-67.7762,0,0.5254510836523338,-76.3752,-75.6243,0,32.06252269624893,-72.9142,-71.0039,0,12.894715245988023
64,64,64,64,HaskellMacDonald_32_SP,SP,Find out whether the shovel or the rakes,are,is,0,39.658724964694635,-2.384622573852539,-1.9649171829223635,100,54.03722652356996,-2.497242927551269,-2.65908432006836,0,31.358889291108408,-2.758007049560547,-1.9746131896972656,0,14.883463137291287,-3.20426082611084,-1.4604902267456057,0,36.05640186963062,-2.0724916458129883,-1.4995746612548828,100,62.08189692313665,-1.7842903137207031,-2.277316093444824,100,54.037226523569956,-2.497242927551269,-2.65908432006836,0,31.358889291108408,-2.758007049560547,-1.9746131896972656,0,14.883463137291287,-3.20426082611084,-1.4604902267456057,0,36.05640186963062,-2.0724916458129883,-1.4995746612548828,100,62.08189692313665,-1.7842903137207031,-2.277316093444824,-50.846,-54.707,100,97.93869006534939,-58.2113,-61.2865,100,95.58580988897799,-61.2143,-63.3935,100,89.83660517862846,-57.1822,-57.5002,100,57.88367596452495,-55.9206,-57.7286,100,85.91199824064249
65,65,65,65,HaskellMacDonald_32_PS,PS,Find out whether the shovels or the rake,are,is,100,89.9289150329646,-1.960853576660156,-4.150204658508302,100,81.12082152290769,-1.9423742294311523,-3.400254249572754,100,68.48682288055714,-2.464016914367676,-3.2402524948120117,100,85.61088544087005,-2.1826696395874023,-3.966010093688965,100,86.00333534887598,-1.9280643463134768,-3.743631362915039,100,87.8048475567236,-1.6596288681030271,-3.6337070465087886,100,81.12082152290769,-1.9423742294311523,-3.400254249572754,100,68.48682288055714,-2.464016914367676,-3.240252494812012,100,85.61088544087005,-2.1826696395874023,-3.966010093688965,100,86.00333534887598,-1.9280643463134768,-3.7436313629150386,100,87.8048475567236,-1.6596288681030271,-3.6337070465087886,-65.2964,-63.1295,0,10.27625090353886,-70.3997,-74.2889,100,97.99485775101745,-72.7976,-74.5348,100,85.03310641056203,-71.3008,-70.7537,0,36.653749250774936,-71.2997,-70.7657,0,36.958443572831726
66,66,66,66,HaskellMacDonald_33_SP,SP,Did you think the orange or the apples,were,was,100,98.4912059543467,-3.1274490356445312,-7.306105613708496,100,98.43557194136999,-2.765187263488769,-6.907069206237793,100,84.33866189571715,-4.132399559020996,-5.816044807434082,100,97.9528376542658,-3.1328744888305664,-7.000905990600586,100,88.57721389595667,-2.9013595581054688,-4.949624061584473,100,95.82916918373749,-2.77716064453125,-5.911612510681152,100,98.43557194136999,-2.765187263488769,-6.907069206237793,100,84.33866189571715,-4.132399559020996,-5.816044807434082,100,97.9528376542658,-3.1328744888305664,-7.000905990600586,100,88.57721389595667,-2.9013595581054688,-4.949624061584473,100,95.82916918373749,-2.77716064453125,-5.911612510681152,-77.1278,-75.2304,0,13.040302614689228,-71.2562,-70.9478,0,42.3505328684179,-79.874,-78.572,0,21.382861265687396,-78.3664,-77.6541,0,32.90908235954072,-75.6799,-78.9515,100,96.34415685921213
67,67,67,67,HaskellMacDonald_33_PS,PS,Did you think the oranges or the apple,were,was,100,76.47583279014862,-3.5251054763793945,-4.704051971435547,100,93.35853106734005,-2.7564897537231445,-5.399603843688965,100,77.02292580637044,-4.322222709655762,-5.531828880310059,100,91.64446108356572,-3.852838516235352,-6.247830390930176,100,84.63356414844897,-2.816514015197754,-4.5226593017578125,100,83.80229634263829,-3.2482166290283203,-4.891807556152344,100,93.35853106734005,-2.7564897537231445,-5.399603843688965,100,77.02292580637044,-4.322222709655762,-5.531828880310059,100,91.64446108356573,-3.852838516235352,-6.247830390930176,100,84.63356414844897,-2.816514015197754,-4.5226593017578125,100,83.80229634263829,-3.2482166290283203,-4.891807556152344,-66.877,-61.8282,0,0.6376113555687661,-60.9575,-59.6768,0,21.743109164924356,-65.6516,-64.8226,0,30.38565564264427,-65.6469,-63.6185,0,11.625320259931964,-62.1523,-62.7574,100,64.68222372164428
68,68,68,68,HaskellMacDonald_34_SP,SP,Can you find out if the jar or the bottles,are,is,100,89.33851867028706,-1.3135623931884766,-3.43935775756836,100,87.32186277224405,-1.362344741821289,-3.29206657409668,100,52.575167302107204,-1.6411781311035156,-1.7442760467529297,100,84.10019266669971,-1.2765588760375977,-2.9422607421875,100,82.3664544133523,-1.6124897003173828,-3.153864860534668,100,92.20924585722229,-1.2509307861328125,-3.7220535278320312,100,87.32186277224405,-1.362344741821289,-3.29206657409668,100,52.575167302107204,-1.6411781311035156,-1.7442760467529297,100,84.10019266669971,-1.2765588760375977,-2.9422607421875,100,82.3664544133523,-1.6124897003173828,-3.153864860534668,100,92.20924585722227,-1.2509307861328125,-3.7220535278320312,-68.0559,-65.8336,0,9.776573904510597,-70.2601,-69.6725,0,35.71857150233337,-67.9797,-67.9173,0,48.44050599178013,-73.5214,-70.0557,0,3.030408531585472,-71.3732,-72.6097,100,77.49542010834608
69,69,69,69,HaskellMacDonald_34_PS,PS,Can you find out if the jars or the bottle,are,is,100,83.65548196851017,-1.8077869415283203,-3.440601348876953,100,72.65499198102809,-1.9283761978149407,-2.905564308166504,100,83.09758123355455,-1.3737716674804688,-2.9663305282592773,100,72.49992092777295,-1.6545047760009766,-2.6239013671875,100,67.71467723815626,-1.8216218948364256,-2.562312126159668,100,92.42977816359264,-1.0289201736450195,-3.531147003173828,100,72.65499198102809,-1.9283761978149412,-2.905564308166504,100,83.09758123355455,-1.3737716674804688,-2.9663305282592773,100,72.49992092777295,-1.6545047760009766,-2.6239013671875,100,67.71467723815626,-1.8216218948364256,-2.562312126159668,100,92.42977816359263,-1.0289201736450195,-3.531147003173828,-67.335,-71.936,100,99.00580460698117,-70.1112,-70.9946,100,70.75262888521365,-66.21,-68.9455,100,93.90892016887223,-68.0936,-73.0178,100,99.27839116326433,-71.8113,-70.3556,0,18.912588018099893
70,70,70,70,HaskellMacDonald_35_SP,SP,Do you know whether the watch or the cameras,were,was,100,98.834764282159,-2.332080841064453,-6.77260684967041,100,96.04473657311537,-2.1585798263549805,-5.348346710205078,100,77.53426177965238,-3.575590133666992,-4.814318656921387,100,87.32246456169611,-2.6928024291992188,-4.6225786209106445,100,94.83507036684836,-2.3490238189697266,-5.259271621704102,100,93.79496280772146,-2.32415771484375,-5.039907455444336,100,96.04473657311537,-2.1585798263549805,-5.348346710205078,100,77.53426177965238,-3.5755901336669917,-4.814318656921387,100,87.32246456169611,-2.6928024291992188,-4.6225786209106445,100,94.83507036684836,-2.3490238189697266,-5.259271621704102,100,93.79496280772146,-2.32415771484375,-5.039907455444336,-62.7925,-66.9748,100,98.49661063201115,-71.2325,-75.0701,100,97.89091594494735,-66.5521,-69.2311,100,93.57760505444523,-70.3225,-69.8672,0,38.81013849971111,-71.1256,-74.5835,100,96.94658641987792
71,71,71,71,HaskellMacDonald_35_PS,PS,Do you know whether the watches or the camera,were,was,100,76.57659969567658,-3.261195182800293,-4.445751190185547,100,84.20356969047849,-3.016415596008301,-4.689868927001953,100,87.61498496291462,-3.762478828430176,-5.718943595886231,100,84.75751446700394,-2.82925796508789,-4.544965744018555,100,91.99994746259158,-2.1573705673217773,-4.599710464477539,100,84.23455971965056,-2.4273414611816406,-4.103126525878906,100,84.20356969047849,-3.0164155960083012,-4.689868927001953,100,87.61498496291462,-3.7624788284301762,-5.718943595886231,100,84.75751446700394,-2.82925796508789,-4.544965744018555,100,91.99994746259158,-2.1573705673217773,-4.599710464477539,100,84.23455971965056,-2.4273414611816406,-4.103126525878906,-61.6678,-63.159,100,81.62583176995959,-63.8858,-64.8681,100,72.75643481536605,-62.7018,-61.4182,0,21.69380470651912,-58.6075,-60.1406,100,82.24594285374782,-63.0547,-64.3527,100,78.54981938976455
72,72,72,72,HaskellMacDonald_36_SP,SP,The board wants to know if the dolphin or the sharks,were,was,100,98.25686749150556,-3.3543291091918945,-7.38623046875,100,94.743417198179,-3.1705808639526367,-6.062272071838379,100,91.77503746104,-3.5645675659179688,-5.976734161376952,100,98.29012801322891,-3.6338481903076167,-7.6853532791137695,100,91.41813979863085,-3.9760055541992174,-6.341798782348633,100,88.39286639393688,-4.0630407333374015,-6.093212127685548,100,94.743417198179,-3.1705808639526367,-6.062272071838379,100,91.77503746104,-3.5645675659179688,-5.976734161376952,100,98.29012801322891,-3.6338481903076167,-7.6853532791137695,100,91.41813979863085,-3.9760055541992183,-6.341798782348633,100,88.39286639393688,-4.0630407333374015,-6.093212127685548,-78.9801,-79.7051,100,67.37070994545195,-82.2041,-82.9989,100,68.88610532956876,-88.5855,-89.6442,100,74.24420352443414,-88.8762,-88.6396,0,44.11243966232458,-79.8178,-82.7251,100,94.82061244586063
73,73,73,73,HaskellMacDonald_36_PS,PS,The board wants to know if the dolphins or the shark,were,was,100,98.13281390028322,-3.662364006042482,-7.624253273010254,100,96.73334667478248,-3.1521663665771484,-6.540358543395996,100,94.00083422649574,-3.654984474182129,-6.406667709350586,100,97.93615304562564,-3.5643367767333984,-7.424080848693848,100,93.6794158819055,-3.9578628540039062,-6.653929710388184,100,85.86622283702582,-3.8061294555664062,-5.610352516174316,100,96.73334667478248,-3.1521663665771484,-6.540358543395996,100,94.00083422649574,-3.654984474182129,-6.406667709350586,100,97.93615304562564,-3.5643367767333984,-7.424080848693848,100,93.6794158819055,-3.957862854003906,-6.653929710388184,100,85.86622283702582,-3.8061294555664062,-5.610352516174316,-79.1989,-76.0351,0,4.055095020662644,-82.0545,-83.2058,100,75.97482871446559,-88.8258,-89.0731,100,56.1511827683152,-86.7,-84.0438,0,6.560790256778034,-83.5456,-83.4484,0,47.5719113817775
74,74,74,74,HaskellMacDonald_37_SP,SP,Vivian must know whether the bookstore or the galleries,were,was,100,97.73862134752962,-2.840885162353516,-6.607207298278809,100,94.90883575350159,-1.9279918670654297,-4.853402137756348,100,94.99968268075978,-2.7391786575317383,-5.683550834655763,100,64.03855223099751,-3.322473526000977,-3.8995113372802734,100,88.15957911276192,-2.3586483001708984,-4.366277694702148,100,96.90368916615265,-2.6392192840576167,-6.082725524902344,100,94.90883575350159,-1.9279918670654297,-4.853402137756348,100,94.99968268075978,-2.7391786575317383,-5.683550834655763,100,64.03855223099751,-3.322473526000977,-3.8995113372802734,100,88.15957911276192,-2.3586483001708984,-4.3662776947021475,100,96.90368916615265,-2.6392192840576167,-6.082725524902344,-69.2782,-73.0168,100,97.67653102783336,-70.9118,-75.021,100,98.38443838562328,-69.5683,-71.5954,100,88.36131708429824,-71.8316,-70.4289,0,19.738801176328007,-68.6053,-71.2905,100,93.61476605831731
75,75,75,75,HaskellMacDonald_37_PS,PS,Vivian must know whether the bookstores or the gallery,were,was,100,85.68232956083615,-3.1486892700195312,-4.937841415405273,100,75.63004411678997,-2.5864410400390625,-3.718943595886232,100,88.09725936065287,-3.4209136962890625,-5.422586441040039,100,91.42063843509438,-3.02972412109375,-5.395835876464844,100,93.16351510797935,-2.6670970916748047,-5.279179573059082,100,89.20516117884777,-2.542320251464844,-4.654191017150879,100,75.63004411678997,-2.5864410400390625,-3.7189435958862314,100,88.09725936065287,-3.4209136962890625,-5.422586441040039,100,91.42063843509438,-3.02972412109375,-5.395835876464844,100,93.16351510797935,-2.6670970916748047,-5.279179573059082,100,89.20516117884777,-2.542320251464844,-4.654191017150879,-75.617,-75.9305,100,57.77393407268765,-73.7886,-72.9537,0,30.26099889058939,-73.8907,-75.1995,100,78.73122831750707,-73.8418,-76.6212,100,94.15524343353677,-74.0927,-75.8405,100,85.16751027634785
76,76,76,76,HaskellMacDonald_38_SP,SP,Can you tell me whether the racket or the balls,were,was,100,91.23837240205471,-2.434682846069336,-4.777776718139648,100,80.71529558698893,-3.2763166427612305,-4.707932472229004,100,90.97336120279957,-3.1835012435913086,-5.493887901306152,0,49.68476713151091,-3.61772346496582,-3.605113983154297,100,98.56470312395884,-2.5986204147338867,-6.8279619216918945,100,95.28194014205887,-2.5931472778320312,-5.598589897155762,100,80.71529558698893,-3.2763166427612305,-4.707932472229004,100,90.97336120279957,-3.1835012435913086,-5.493887901306152,0,49.68476713151091,-3.61772346496582,-3.605113983154297,100,98.56470312395884,-2.5986204147338867,-6.827961921691895,100,95.28194014205887,-2.5931472778320312,-5.598589897155762,-63.1392,-64.0515,100,71.34705832262756,-68.307,-68.8129,100,62.38448480348479,-67.9172,-67.7035,0,44.67773921336258,-66.194,-63.2584,0,5.042152540041828,-67.6933,-68.1534,100,61.30378986508186
77,77,77,77,HaskellMacDonald_38_PS,PS,Can you tell me whether the rackets or the ball,were,was,100,93.6057801441832,-2.2900915145874023,-4.9737892150878915,100,68.03028981027782,-3.0318918228149414,-3.7870559692382812,100,80.6377924245648,-3.5999107360839844,-5.026555061340332,100,89.22163442572572,-2.638568878173828,-4.7521514892578125,100,92.08719925385628,-2.034640312194824,-4.488894462585449,100,59.89755514196219,-3.26934814453125,-3.670546531677246,100,68.03028981027782,-3.0318918228149414,-3.787055969238281,100,80.6377924245648,-3.5999107360839844,-5.026555061340332,100,89.22163442572572,-2.638568878173828,-4.7521514892578125,100,92.08719925385628,-2.0346403121948238,-4.488894462585449,100,59.89755514196219,-3.26934814453125,-3.670546531677246,-61.8894,-63.2998,100,80.38290264690085,-64.0232,-64.1594,100,53.39974605872699,-60.6376,-61.4679,100,69.64183595094006,-58.7663,-61.6707,100,94.80635165140627,-62.0045,-63.3753,100,79.75093748551139
78,78,78,78,HaskellMacDonald_39_SP,SP,Tell me whether the outlet or the switches,are,is,100,89.72398356748033,-1.5896825790405271,-3.756608009338379,100,85.12004013461555,-2.072223663330078,-3.8162708282470703,100,81.40917787358238,-2.1329879760742188,-3.609807968139648,100,82.31338290751698,-2.356584548950196,-3.8943099975585938,100,86.21573985662752,-2.0273761749267583,-3.860701560974121,100,93.66869545673867,-2.392828941345215,-5.0870866775512695,100,85.12004013461555,-2.072223663330078,-3.8162708282470703,100,81.40917787358238,-2.1329879760742188,-3.609807968139648,100,82.31338290751698,-2.3565845489501958,-3.8943099975585938,100,86.21573985662752,-2.0273761749267583,-3.860701560974121,100,93.66869545673867,-2.392828941345215,-5.0870866775512695,-68.0962,-71.4324,100,96.56500188721047,-70.8696,-72.2053,100,79.17819186193601,-69.9266,-72.488,100,92.83356536027819,-73.4106,-72.2155,0,23.234804595783693,-70.6372,-74.1298,100,97.04764819033707
79,79,79,79,HaskellMacDonald_39_PS,PS,Tell me whether the outlets or the switch,are,is,100,86.12656337178724,-1.8064689636230469,-3.6323108673095694,100,81.57344505093816,-2.4607229232788086,-3.9484338760375977,100,76.10275671615071,-2.185043334960937,-3.343364715576172,100,75.38798874815114,-2.7133169174194336,-3.8327302932739262,100,71.20777440159249,-2.6059885025024414,-3.5114850997924805,100,73.90580627930342,-2.5600662231445312,-3.6011447906494136,100,81.57344505093816,-2.4607229232788086,-3.9484338760375977,100,76.10275671615071,-2.185043334960937,-3.343364715576172,100,75.38798874815114,-2.7133169174194336,-3.8327302932739262,100,71.20777440159249,-2.6059885025024414,-3.5114850997924805,100,73.90580627930342,-2.5600662231445312,-3.6011447906494136,-69.79,-73.9997,100,98.53664966501645,-71.3405,-72.1387,100,68.95893120677448,-67.4707,-68.5348,100,74.34732806868591,-70.1162,-72.1821,100,88.75443928944959,-69.0031,-71.0025,100,88.07340674319947
