,Unnamed: 0,Unnamed: 0.1,item,condition,sentence,target,alternative,model 0 correct (max),model 0 correct (sample),model 0 target score,model 0 alternative score,model 1 correct (max),model 1 correct (sample),model 1 target score,model 1 alternative score,model 2 correct (max),model 2 correct (sample),model 2 target score,model 2 alternative score,model 3 correct (max),model 3 correct (sample),model 3 target score,model 3 alternative score,model 4 correct (max),model 4 correct (sample),model 4 target score,model 4 alternative score,lstm 0 correct (max),lstm 0 correct (sample),lstm 0 target score,lstm 0 alternative score,lstm 1 correct (max),lstm 1 correct (sample),lstm 1 target score,lstm 1 alternative score,lstm 2 correct (max),lstm 2 correct (sample),lstm 2 target score,lstm 2 alternative score,lstm 3 correct (max),lstm 3 correct (sample),lstm 3 target score,lstm 3 alternative score,lstm 4 correct (max),lstm 4 correct (sample),lstm 4 target score,lstm 4 alternative score,rnng 0 target score,rnng 0 alternative score,rnng 0 correct (max),rnng 0 correct (sample),rnng 1 target score,rnng 1 alternative score,rnng 1 correct (max),rnng 1 correct (sample),rnng 2 target score,rnng 2 alternative score,rnng 2 correct (max),rnng 2 correct (sample),rnng 3 target score,rnng 3 alternative score,rnng 3 correct (max),rnng 3 correct (sample),rnng 4 target score,rnng 4 alternative score,rnng 4 correct (max),rnng 4 correct (sample)
0,0,0,HumphreysBock_0_CPD,CPD,The crowd inside the subway cars,are,is,0,26.62311330246327,-4.1162376403808585,-3.1024084091186523,100,59.510610440942926,-3.648138046264648,-4.033252716064453,0,23.56820312963743,-4.8344011306762695,-3.6579008102416983,0,18.525685352339323,-4.720022201538086,-3.2388925552368164,0,41.02021858833021,-3.5268268585205083,-3.1636972427368164,0,26.62311330246327,-4.1162376403808585,-3.1024084091186523,100,59.510610440942926,-3.648138046264648,-4.033252716064453,0,23.56820312963743,-4.8344011306762695,-3.6579008102416988,0,18.525685352339323,-4.720022201538086,-3.2388925552368164,0,41.02021858833021,-3.5268268585205083,-3.1636972427368164,-62.0578,-62.8108,100,67.98320324764434,-64.2011,-63.4965,0,33.07931388438889,-60.6755,-60.3471,0,41.86299786555185,-65.6446,-63.5193,0,10.666200500582258,-59.6851,-57.5832,0,10.891228836749647
1,1,1,HumphreysBock_0_CPC,CPC,The crowd outside the subway cars,are,is,0,27.175004499937447,-4.046198844909668,-3.0604372024536133,100,55.16588833229355,-3.80888557434082,-4.016261100769043,0,27.0206319786904,-4.493436813354492,-3.4998607635498047,0,20.01425545641318,-4.608124732971191,-3.222721099853516,0,27.731298045327787,-3.976801872253418,-3.0189723968505864,0,27.175004499937447,-4.046198844909668,-3.0604372024536133,100,55.16588833229355,-3.80888557434082,-4.016261100769043,0,27.0206319786904,-4.493436813354492,-3.4998607635498047,0,20.01425545641318,-4.608124732971191,-3.222721099853516,0,27.731298045327787,-3.976801872253418,-3.0189723968505864,-62.9113,-63.4113,100,62.245933120185356,-62.7559,-62.3079,0,38.98363890571905,-61.6561,-62.0787,100,60.4105239328253,-65.4018,-64.0912,0,21.238645973153304,-61.3199,-60.0859,0,22.548209906396476
2,2,2,HumphreysBock_0_CSC,CSC,The crowd outside the subway car,are,is,0,6.224375102015397,-5.293600082397461,-2.5811681747436523,0,8.04851240345799,-5.052499771118164,-2.61672592163086,0,3.7250337542245173,-6.043600082397461,-2.791467666625977,0,9.75682694157462,-5.452051162719727,-3.2275104522705083,0,5.728938954445512,-4.987272262573242,-2.1866283416748047,0,6.224375102015397,-5.293600082397461,-2.5811681747436523,0,8.04851240345799,-5.052499771118164,-2.61672592163086,0,3.725033754224517,-6.043600082397461,-2.791467666625977,0,9.75682694157462,-5.452051162719727,-3.2275104522705083,0,5.728938954445512,-4.987272262573242,-2.1866283416748047,-58.6304,-55.8081,0,5.613095447664579,-57.0634,-55.4711,0,16.906054907327793,-55.6968,-53.5282,0,10.260587081267614,-61.9456,-58.2376,0,2.393937750971742,-57.6433,-53.3097,0,1.295031839256511
3,3,3,HumphreysBock_0_PPD,PPD,The commuters inside the subway cars,are,is,100,97.2101908635799,-2.25826358795166,-5.809165954589844,100,96.65393169487344,-2.5952587127685547,-5.958609580993652,100,96.8580936014955,-2.994948387145996,-6.423365592956543,100,92.10477654435965,-2.8088817596435547,-5.26555061340332,100,98.96288486115743,-2.15179443359375,-6.71009635925293,100,97.2101908635799,-2.25826358795166,-5.809165954589844,100,96.65393169487344,-2.5952587127685547,-5.958609580993652,100,96.8580936014955,-2.994948387145996,-6.423365592956543,100,92.10477654435965,-2.8088817596435547,-5.26555061340332,100,98.96288486115743,-2.15179443359375,-6.71009635925293,-66.8328,-72.294,100,99.57695184692092,-64.511,-69.719,100,99.45571784628508,-66.2494,-70.3075,100,98.30117642837472,-63.3323,-69.1648,100,99.70778231816837,-62.7032,-64.5102,100,85.89989060973542
4,4,4,HumphreysBock_0_PPC,PPC,The commuters outside the subway cars,are,is,100,98.15429187347648,-2.1963853836059566,-6.170063018798827,100,97.45726444572149,-2.5401573181152344,-6.186330795288086,100,97.07151902045237,-2.8959922790527344,-6.396956443786621,100,91.1488182767832,-2.772393226623535,-5.1043357849121085,100,97.81105876781851,-2.3121299743652344,-6.1117496490478525,100,98.15429187347648,-2.1963853836059566,-6.170063018798827,100,97.45726444572149,-2.5401573181152344,-6.186330795288086,100,97.07151902045237,-2.8959922790527344,-6.396956443786621,100,91.1488182767832,-2.772393226623535,-5.1043357849121085,100,97.81105876781851,-2.3121299743652344,-6.1117496490478525,-67.0277,-72.303,100,99.49096229632308,-62.7608,-67.9001,100,99.41723688274497,-65.1942,-69.7639,100,98.97451832773172,-63.9628,-69.8112,100,99.71237857856553,-62.7603,-65.3713,100,93.15661744319424
5,5,5,HumphreysBock_0_PSC,PSC,The commuters outside the subway car,are,is,100,91.31569367142716,-2.611571311950684,-4.964376449584961,100,87.45168098654287,-2.5302143096923837,-4.471714019775392,100,87.52472423437783,-3.3759994506835938,-5.324172019958496,100,76.44206842878701,-3.266610145568848,-4.443680763244629,100,88.3827648889374,-2.6035337448120117,-4.632720947265625,100,91.31569367142716,-2.611571311950684,-4.964376449584961,100,87.45168098654287,-2.5302143096923833,-4.4717140197753915,100,87.52472423437783,-3.3759994506835938,-5.324172019958496,100,76.44206842878701,-3.266610145568848,-4.443680763244629,100,88.3827648889374,-2.603533744812012,-4.632720947265625,-59.9951,-61.0767,100,74.6796649050538,-57.4658,-60.8038,100,96.57096749619113,-58.1903,-61.1032,100,94.84804582882862,-59.8154,-65.0588,100,99.47454891634735,-57.9879,-58.9281,100,71.91400547140645
6,6,6,HumphreysBock_1_CPD,CPD,The jury in the folding chairs,are,is,0,21.311653470647087,-4.7430381774902335,-3.4367971420288086,100,68.32477897824535,-3.6241531372070312,-4.392890930175781,0,41.69086148131578,-4.921999931335449,-4.586523056030273,100,64.46143043708715,-4.1619157791137695,-4.757364273071289,0,47.12691056001484,-3.642719268798828,-3.5276689529418945,0,21.311653470647087,-4.7430381774902335,-3.4367971420288086,100,68.32477897824535,-3.6241531372070312,-4.392890930175781,0,41.69086148131578,-4.921999931335449,-4.586523056030273,100,64.46143043708715,-4.1619157791137695,-4.757364273071289,0,47.12691056001484,-3.642719268798828,-3.5276689529418945,-68.767,-67.6577,0,24.800141322926677,-59.8636,-60.5854,100,67.30032661208986,-63.6873,-62.8099,0,29.37168523619552,-67.3821,-65.3921,0,12.025686246775196,-63.2398,-62.2573,0,27.239601075715715
7,7,7,HumphreysBock_1_CPC,CPC,The jury near the folding chairs,are,is,0,31.097160764685913,-4.290584564208984,-3.495003700256348,100,71.9614590636057,-3.2834529876708984,-4.226003646850587,0,35.68160204092405,-5.116833686828613,-4.527623176574707,0,44.23344184136237,-4.336441993713379,-4.104748725891113,100,53.87362891437221,-3.3007488250732417,-3.456005096435547,0,31.097160764685913,-4.2905845642089835,-3.495003700256348,100,71.9614590636057,-3.2834529876708984,-4.226003646850587,0,35.68160204092405,-5.116833686828613,-4.527623176574707,0,44.23344184136237,-4.336441993713379,-4.104748725891113,100,53.87362891437221,-3.3007488250732417,-3.456005096435547,-70.7627,-69.6605,0,24.932790766450548,-64.9198,-66.0005,100,74.66264289806416,-66.7803,-65.5096,0,21.91374471801689,-70.6864,-69.6682,0,26.53781669751772,-67.8949,-67.6681,0,44.354180197332646
8,8,8,HumphreysBock_1_CSC,CSC,The jury near the folding chair,are,is,0,5.569976791606575,-5.7530269622802725,-2.922558784484864,0,11.416158735600428,-4.686363220214844,-2.6374435424804688,0,2.1225458509171435,-7.228193759918213,-3.3970937728881836,0,6.731664081713301,-5.757551193237305,-3.1288928985595703,0,12.356760458730216,-4.364902496337892,-2.4058313369750977,0,5.569976791606575,-5.7530269622802725,-2.9225587844848637,0,11.416158735600428,-4.686363220214844,-2.6374435424804688,0,2.1225458509171435,-7.228193759918213,-3.397093772888184,0,6.731664081713301,-5.757551193237305,-3.1288928985595703,0,12.356760458730216,-4.3649024963378915,-2.4058313369750977,-73.2089,-67.6586,0,0.3871246390513427,-64.1959,-63.0239,0,23.649366515084004,-67.3959,-64.4366,0,4.929880363747787,-68.0308,-65.8047,0,9.74310621208354,-70.0152,-65.9225,0,1.6419981792748208
9,9,9,HumphreysBock_1_PPD,PPD,The jurors in the folding chairs,are,is,100,95.3795848046833,-2.423654556274414,-5.4510345458984375,100,98.76754324083393,-1.7732763290405271,-6.157035827636719,100,96.66918374821665,-2.4265289306640625,-5.7946062088012695,100,97.63845047126641,-2.8883647918701167,-6.610318183898926,100,97.09453693451476,-2.1051130294799805,-5.614205360412598,100,95.3795848046833,-2.423654556274414,-5.4510345458984375,100,98.76754324083393,-1.7732763290405271,-6.157035827636719,100,96.66918374821665,-2.4265289306640625,-5.7946062088012695,100,97.63845047126641,-2.8883647918701167,-6.610318183898926,100,97.09453693451476,-2.1051130294799805,-5.614205360412598,-61.6482,-67.2406,100,99.62877575460264,-58.6405,-63.6413,100,99.33124654226954,-60.2852,-63.916,100,97.41888850292085,-61.8784,-67.5509,100,99.65725315641637,-59.2797,-61.8548,100,92.92417635769395
10,10,10,HumphreysBock_1_PPC,PPC,The jurors near the folding chairs,are,is,100,96.73881185770264,-2.432523727416992,-5.822446823120117,100,98.75201709705587,-1.804838180541992,-6.175921440124513,100,93.16505775697249,-2.5539159774780282,-5.166240692138672,100,94.11061567363122,-2.9100856781005864,-5.681405067443848,100,96.56102571551227,-2.041146278381348,-5.376148223876953,100,96.73881185770264,-2.4325237274169917,-5.822446823120117,100,98.75201709705587,-1.804838180541992,-6.175921440124513,100,93.16505775697249,-2.553915977478028,-5.166240692138672,100,94.11061567363122,-2.9100856781005864,-5.681405067443848,100,96.56102571551227,-2.041146278381348,-5.376148223876953,-65.7882,-70.9436,100,99.42649086506675,-64.3958,-69.165,100,99.15842586254436,-66.0675,-69.2835,100,96.14319657896712,-69.6354,-75.8253,100,99.79541622860584,-64.9037,-66.0887,100,76.58456258197957
11,11,11,HumphreysBock_1_PSC,PSC,The jurors near the folding chair,are,is,100,96.50068618612694,-2.110666275024414,-5.42764949798584,100,92.89042901767726,-2.0259113311767583,-4.5958900451660165,100,80.05125076893303,-2.78865909576416,-4.178159713745116,100,73.11558819468019,-3.4070663452148438,-4.407561302185059,100,94.66714420381382,-1.9084157943725584,-4.784895896911621,100,96.50068618612694,-2.110666275024414,-5.42764949798584,100,92.89042901767726,-2.0259113311767583,-4.5958900451660165,100,80.05125076893303,-2.78865909576416,-4.178159713745116,100,73.11558819468019,-3.407066345214844,-4.407561302185059,100,94.66714420381382,-1.9084157943725584,-4.784895896911621,-66.2445,-67.1369,100,70.93851999032125,-62.132,-65.0307,100,94.77821358549187,-65.4537,-66.8389,100,79.98248447333634,-67.1813,-72.7742,100,99.62896063180793,-67.2876,-64.2487,0,4.569911859867502
12,12,12,HumphreysBock_2_CPD,CPD,The crew in the lifeboats,are,is,100,71.67077848330975,-2.8913822174072266,-3.819571495056152,100,84.58286808377257,-3.6387319564819336,-5.340984344482422,100,74.0780795977527,-3.5547075271606445,-4.604738235473633,100,63.00325048466511,-3.9244766235351562,-4.456832885742188,100,79.26136792579716,-3.333627700805664,-4.674380302429199,100,71.67077848330975,-2.8913822174072266,-3.819571495056152,100,84.58286808377257,-3.6387319564819336,-5.340984344482422,100,74.0780795977527,-3.5547075271606445,-4.604738235473633,100,63.00325048466511,-3.924476623535156,-4.456832885742188,100,79.26136792579716,-3.3336277008056636,-4.674380302429199,-47.7365,-45.9803,0,14.726690202474794,-47.1539,-46.3153,0,30.182972207947024,-44.8611,-43.3221,0,17.66806923759992,-51.614,-47.9174,0,2.420720376097046,-45.2124,-45.3794,100,54.1653239367602
13,13,13,HumphreysBock_2_CPC,CPC,The crew for the lifeboats,are,is,100,52.17990881190789,-3.862106323242188,-3.9493579864501953,100,67.83250789625795,-3.995457649230957,-4.7415428161621085,100,68.83184727408178,-4.029465675354004,-4.821735382080078,0,46.84061494432808,-4.477622985839844,-4.351078987121582,100,78.17783727367305,-3.885432243347168,-5.161492347717285,100,52.179908811907886,-3.862106323242188,-3.9493579864501953,100,67.83250789625795,-3.995457649230957,-4.7415428161621085,100,68.83184727408178,-4.029465675354004,-4.821735382080078,0,46.84061494432808,-4.477622985839844,-4.351078987121582,100,78.17783727367305,-3.885432243347168,-5.161492347717285,-46.8615,-44.2797,0,7.031896626575719,-47.6214,-46.0847,0,17.70155098484229,-44.6269,-43.3343,0,21.541305897659957,-51.6643,-47.4685,0,1.4835290636488025,-44.5943,-45.1792,100,64.219411520083
14,14,14,HumphreysBock_2_CSC,CSC,The crew for the lifeboat,are,is,0,29.08492556765556,-4.484502792358398,-3.5932397842407227,0,28.841092458787866,-5.162530899047852,-4.259416580200194,0,30.36475061066617,-4.58994197845459,-3.759953498840332,0,14.033187752683348,-5.4929466247558585,-3.680410385131837,0,16.499337359992072,-4.97310733795166,-3.3515729904174805,0,29.08492556765556,-4.484502792358398,-3.5932397842407227,0,28.841092458787866,-5.162530899047852,-4.259416580200194,0,30.36475061066617,-4.58994197845459,-3.759953498840332,0,14.033187752683348,-5.4929466247558585,-3.6804103851318364,0,16.499337359992072,-4.97310733795166,-3.3515729904174805,-47.8075,-43.5477,0,1.3928386916872348,-49.9041,-46.847,0,4.4911934079695275,-44.4706,-42.3206,0,10.433122311900172,-52.2448,-46.9206,0,0.48486235605039235,-46.5685,-44.7211,0,13.617845589632624
15,15,15,HumphreysBock_2_PPD,PPD,The sailors in the lifeboats,are,is,100,90.70895845399988,-2.9689950942993164,-5.247600555419922,100,96.8746778790526,-3.006702423095703,-6.440583229064941,100,97.1275206744706,-2.9044523239135738,-6.425301551818848,100,94.06351826239529,-3.7178468704223633,-6.480700492858888,100,97.9941309589851,-2.516840934753418,-6.405671119689941,100,90.70895845399988,-2.9689950942993164,-5.247600555419922,100,96.8746778790526,-3.006702423095703,-6.440583229064941,100,97.1275206744706,-2.9044523239135738,-6.425301551818848,100,94.06351826239529,-3.7178468704223633,-6.480700492858888,100,97.9941309589851,-2.516840934753418,-6.405671119689941,-45.2795,-42.0618,0,3.850504671544296,-45.5387,-47.2961,100,85.28837294318473,-44.5324,-43.2593,0,21.872704507354527,-46.7533,-43.9084,0,5.494554221219601,-39.2827,-41.8636,100,92.96221741881459
16,16,16,HumphreysBock_2_PPC,PPC,The sailors for the lifeboats,are,is,100,85.70699758148935,-3.3909311294555664,-5.182095527648926,100,95.12300730933542,-3.381158828735352,-6.351800918579103,100,94.884801575863,-3.4833202362060547,-6.4037675857543945,100,89.8833052709916,-3.8742523193359375,-6.058577537536621,100,95.63115293130035,-3.450031280517578,-6.5360307693481445,100,85.70699758148935,-3.3909311294555664,-5.182095527648926,100,95.12300730933542,-3.381158828735352,-6.3518009185791025,100,94.884801575863,-3.4833202362060547,-6.4037675857543945,100,89.8833052709916,-3.8742523193359375,-6.058577537536621,100,95.63115293130035,-3.450031280517578,-6.5360307693481445,-43.775,-40.1929,0,2.7064365289148458,-46.7399,-47.476,100,67.61424456038402,-46.0448,-44.6837,0,20.406158162498926,-47.8834,-44.5559,0,3.4639732650009836,-41.6641,-45.0486,100,96.72165945340835
17,17,17,HumphreysBock_2_PSC,PSC,The sailors for the lifeboat,are,is,100,74.4646910621972,-3.956872940063477,-5.027135848999023,100,87.5756176210899,-3.636744499206543,-5.58958625793457,100,78.9281756939577,-3.673195838928223,-4.993797302246094,100,58.24947543355538,-4.6338844299316415,-4.966907501220703,100,78.80892325514998,-3.59896183013916,-4.912407875061035,100,74.4646910621972,-3.956872940063477,-5.027135848999023,100,87.5756176210899,-3.636744499206543,-5.58958625793457,100,78.9281756939577,-3.673195838928223,-4.993797302246094,100,58.24947543355538,-4.6338844299316415,-4.966907501220703,100,78.80892325514998,-3.59896183013916,-4.912407875061035,-44.3595,-39.2781,0,0.6172866284256011,-48.3002,-46.8674,0,19.266278666444276,-45.5789,-43.6155,0,12.309956039924565,-48.378,-44.2172,0,1.5355605026017831,-42.5745,-44.0816,100,81.86310292714816
18,18,18,HumphreysBock_3_CPD,CPD,The clan in the ancient castles,are,is,0,39.768619123853405,-4.201093673706056,-3.7859783172607417,100,60.6635690806849,-3.696944236755371,-4.130136489868163,100,58.2398964770955,-3.7783374786376953,-4.110966682434082,0,37.04064096827802,-4.425670623779297,-3.895196914672852,100,62.006099578984134,-4.153169631958009,-4.642976760864258,0,39.768619123853405,-4.201093673706056,-3.7859783172607417,100,60.663569080684894,-3.696944236755371,-4.130136489868163,100,58.2398964770955,-3.7783374786376953,-4.110966682434082,0,37.04064096827802,-4.425670623779297,-3.895196914672852,100,62.006099578984134,-4.153169631958009,-4.642976760864258,-65.777,-62.8159,0,4.921450886851783,-68.0327,-63.8241,0,1.4649373121484837,-63.4766,-61.5841,0,13.095968373090994,-65.5661,-62.053,0,2.894178560458757,-61.159,-59.44,0,15.200001481603156
19,19,19,HumphreysBock_3_CPC,CPC,The clan with the ancient castles,are,is,0,38.20452992690436,-4.442724227905273,-3.961848258972168,0,49.56191707147179,-4.1829261779785165,-4.165402412414552,100,75.60511103856228,-4.505647659301758,-5.636797904968263,0,49.785949107342034,-4.694267272949219,-4.685705184936523,0,29.39645227798405,-4.935413360595703,-4.059206962585448,0,38.20452992690436,-4.442724227905273,-3.961848258972168,0,49.56191707147179,-4.1829261779785165,-4.165402412414552,100,75.60511103856228,-4.505647659301758,-5.636797904968263,0,49.785949107342034,-4.694267272949219,-4.685705184936523,0,29.39645227798405,-4.935413360595703,-4.059206962585448,-67.9332,-64.9533,0,4.83422290379174,-68.2193,-64.386,0,2.1179801484621197,-60.9309,-59.627,0,21.350938504471827,-66.148,-62.7981,0,3.3898438940015216,-62.4857,-61.0661,0,19.472429863105102
20,20,20,HumphreysBock_3_CSC,CSC,The clan with the ancient castle,are,is,0,5.234678349192753,-5.690042495727539,-2.793944358825684,0,5.194189023894368,-5.290369987487793,-2.3860797882080083,0,7.8128670216779605,-6.420902729034424,-3.9528541564941406,0,17.033717116435735,-4.596495628356934,-3.013256072998047,0,7.845738955384665,-5.438140869140625,-2.9746475219726562,0,5.234678349192753,-5.690042495727539,-2.793944358825684,0,5.194189023894368,-5.290369987487793,-2.3860797882080083,0,7.81286702167796,-6.420902729034424,-3.9528541564941406,0,17.033717116435735,-4.596495628356934,-3.013256072998047,0,7.845738955384665,-5.438140869140625,-2.974647521972656,-79.1723,-74.7064,0,1.1363727573056608,-70.4566,-65.5913,0,0.7650533090460673,-65.821,-63.9509,0,13.353015212414151,-71.6436,-68.7076,0,5.040237716605642,-71.3855,-68.0882,0,3.566393138636049
21,21,21,HumphreysBock_3_PPD,PPD,The princes in the ancient castles,are,is,100,96.86167875583486,-4.026247978210448,-7.455843925476074,100,95.46227216106571,-3.4967823028564453,-6.5430870056152335,100,97.31508102321699,-3.2273006439208984,-6.817604064941406,100,94.13507278537784,-3.99404525756836,-6.7697858810424805,100,98.4416206410236,-3.239474296569824,-7.385291576385497,100,96.86167875583486,-4.026247978210448,-7.455843925476074,100,95.46227216106571,-3.4967823028564453,-6.5430870056152335,100,97.315081023217,-3.2273006439208984,-6.817604064941406,100,94.13507278537784,-3.99404525756836,-6.7697858810424805,100,98.4416206410236,-3.2394742965698238,-7.385291576385497,-47.5971,-53.8543,100,99.80870615630155,-52.6289,-55.8951,100,96.32508935475522,-50.6924,-55.1314,100,98.83300553185846,-46.4385,-51.6834,100,99.47533236992864,-45.2744,-46.9111,100,83.70854055614471
22,22,22,HumphreysBock_3_PPC,PPC,The princes with the ancient castles,are,is,100,97.75269675350387,-4.255819320678712,-8.028529167175293,100,91.56915627025455,-4.354082107543944,-6.739279747009277,100,97.58639795583427,-4.050736427307129,-7.750354290008545,100,91.79161540656268,-4.843822479248047,-7.258187294006348,100,95.9572158470546,-3.4127407073974614,-6.579709529876709,100,97.75269675350387,-4.255819320678712,-8.028529167175293,100,91.56915627025455,-4.354082107543944,-6.739279747009277,100,97.58639795583427,-4.050736427307129,-7.750354290008545,100,91.79161540656268,-4.843822479248047,-7.258187294006348,100,95.9572158470546,-3.4127407073974614,-6.579709529876709,-49.6356,-55.6447,100,99.75497207616571,-52.9427,-55.8446,100,94.7940280821781,-50.0229,-54.9976,100,99.3136836713918,-47.6429,-52.8622,100,99.46180070042271,-46.6425,-47.4762,100,69.71367065045216
23,23,23,HumphreysBock_3_PSC,PSC,The princes with the ancient castle,are,is,100,95.43471240198635,-4.122222900390625,-7.16218376159668,100,57.625533332950894,-4.1996240615844735,-4.507043838500977,100,78.4912454300913,-4.529971122741699,-5.824498176574707,100,63.44716634228281,-4.496146202087402,-5.047595024108887,100,94.20672366955485,-3.133376121520996,-5.9221696853637695,100,95.43471240198635,-4.122222900390625,-7.16218376159668,100,57.625533332950894,-4.1996240615844735,-4.507043838500977,100,78.4912454300913,-4.529971122741699,-5.824498176574707,100,63.44716634228281,-4.496146202087402,-5.047595024108887,100,94.20672366955485,-3.133376121520996,-5.9221696853637695,-58.8208,-64.3727,100,99.61349187300088,-56.8959,-58.181,100,78.33166586370143,-54.7336,-58.1192,100,96.7251456133033,-54.3094,-59.5236,100,99.45906375843217,-56.1649,-54.6054,0,17.371840547131463
24,24,24,HumphreysBock_4_CPD,CPD,The gang on the motorcycles,are,is,0,45.88035586503639,-3.083735466003418,-2.9185752868652344,100,53.35211237785343,-3.848332405090332,-3.98261833190918,100,63.79700879883896,-3.04572868347168,-3.612293243408203,0,40.78816911047952,-4.304560661315918,-3.9318313598632812,100,56.11814590196308,-4.111888885498047,-4.357847213745116,0,45.88035586503639,-3.083735466003418,-2.9185752868652344,100,53.35211237785343,-3.848332405090332,-3.98261833190918,100,63.79700879883896,-3.04572868347168,-3.612293243408203,0,40.78816911047952,-4.304560661315918,-3.931831359863281,100,56.11814590196308,-4.111888885498047,-4.357847213745116,-56.2493,-53.7487,0,7.581612849406475,-53.0553,-51.5564,0,18.258964221888483,-49.9693,-49.1937,0,31.526896065666833,-54.1199,-50.8897,0,3.804492689261169,-49.8625,-50.2946,100,60.63750173895437
25,25,25,HumphreysBock_4_CPC,CPC,The gang near the motorcycles,are,is,100,56.70487670648113,-2.8624868392944336,-3.1323070526123047,100,57.16026723379464,-3.251570701599121,-3.539963722229004,100,57.378639477560405,-3.242367744445801,-3.539684295654297,0,38.91606145613738,-3.6671295166015625,-3.2162876129150386,100,52.559520721025216,-3.1813793182373047,-3.2838497161865234,100,56.70487670648113,-2.8624868392944336,-3.1323070526123047,100,57.160267233794634,-3.251570701599121,-3.539963722229004,100,57.378639477560405,-3.2423677444458012,-3.539684295654297,0,38.91606145613738,-3.6671295166015625,-3.2162876129150386,100,52.559520721025216,-3.1813793182373047,-3.2838497161865234,-59.0923,-56.3709,0,6.17223387296153,-53.2298,-53.3324,100,52.56275227115047,-52.1762,-51.6929,0,38.14731816648182,-57.8158,-54.8494,0,4.89671006091215,-49.4244,-51.495,100,88.80126430488477
26,26,26,HumphreysBock_4_CSC,CSC,The gang near the motorcycle,are,is,0,36.75240690765098,-3.6541709899902335,-3.1113176345825195,0,14.713858414254528,-4.558599472045898,-2.801377296447754,0,29.442810052591682,-4.385385513305663,-3.5114116668701167,0,12.629629195361073,-5.160429954528809,-3.2263193130493164,0,15.978070915088495,-4.5288190841674805,-2.8689584732055664,0,36.75240690765098,-3.6541709899902335,-3.1113176345825195,0,14.713858414254528,-4.558599472045898,-2.801377296447754,0,29.442810052591682,-4.385385513305663,-3.5114116668701167,0,12.629629195361073,-5.160429954528809,-3.2263193130493164,0,15.978070915088495,-4.5288190841674805,-2.8689584732055664,-60.9437,-55.417,0,0.39633279992848963,-53.9098,-52.1174,0,14.27787284585585,-51.53,-49.9268,0,16.753484578688678,-58.2936,-54.3873,0,1.9718161616351597,-50.9255,-49.8991,0,26.378263427644473
27,27,27,HumphreysBock_4_PPD,PPD,The bikers on the motorcycles,are,is,100,99.04809407655917,-2.253063201904297,-6.897957801818848,100,91.07434370090822,-3.0966691970825195,-5.419415473937988,100,95.92660751841856,-2.1746883392333984,-5.333795547485352,100,91.57917846769152,-2.9077072143554688,-5.294203758239746,100,92.91942144240866,-2.7018699645996094,-5.276247024536133,100,99.04809407655917,-2.253063201904297,-6.897957801818848,100,91.07434370090822,-3.0966691970825195,-5.419415473937988,100,95.92660751841856,-2.1746883392333984,-5.333795547485352,100,91.57917846769152,-2.9077072143554688,-5.294203758239746,100,92.91942144240866,-2.7018699645996094,-5.276247024536133,-40.9874,-45.682,100,99.0938340124057,-42.919,-46.5913,100,97.52121155938173,-41.184,-44.7764,100,97.32055359914251,-40.1537,-45.568,100,99.5567283026374,-37.9949,-40.6217,100,93.25665920924887
28,28,28,HumphreysBock_4_PPC,PPC,The bikers near the motorcycles,are,is,100,98.60587246081728,-2.3019323348999023,-6.560794353485107,100,93.9726507618455,-2.6865625381469727,-5.433259010314941,100,95.40651269840677,-2.1874170303344727,-5.220924377441406,100,92.16960988489541,-2.7653884887695312,-5.231006622314453,100,89.98779720349073,-2.3571834564208984,-4.55305290222168,100,98.60587246081728,-2.3019323348999023,-6.560794353485107,100,93.9726507618455,-2.6865625381469727,-5.433259010314941,100,95.40651269840677,-2.1874170303344727,-5.220924377441406,100,92.16960988489541,-2.7653884887695312,-5.231006622314453,100,89.98779720349073,-2.3571834564208984,-4.55305290222168,-43.4879,-47.9274,100,98.83358207892753,-47.0568,-50.9284,100,97.9599811666886,-44.985,-48.7205,100,97.66948521990182,-44.0229,-49.4803,100,99.57534804527846,-41.2668,-44.0269,100,94.04812318985012
29,29,29,HumphreysBock_4_PSC,PSC,The bikers near the motorcycle,are,is,100,97.09461898934114,-2.8637380599975586,-6.372859477996826,100,70.99708939325939,-3.5439186096191406,-4.43916130065918,100,88.43096205114892,-2.6256933212280282,-4.65958309173584,100,70.02178099914758,-4.2800989151000985,-5.128434181213379,100,76.05339557592205,-2.8876247406005864,-4.043233871459962,100,97.09461898934114,-2.8637380599975586,-6.372859477996826,100,70.99708939325939,-3.5439186096191406,-4.43916130065918,100,88.43096205114892,-2.625693321228028,-4.65958309173584,100,70.02178099914758,-4.2800989151000985,-5.128434181213379,100,76.05339557592205,-2.8876247406005864,-4.043233871459962,-43.0541,-45.9138,100,94.58179276621831,-46.419,-48.6448,100,90.2542553217792,-44.0719,-46.8128,100,93.93973539197872,-42.6332,-47.5363,100,99.26311683678713,-41.2878,-43.4046,100,89.25253585558268
30,30,30,HumphreysBock_5_CPD,CPD,The hired help in the mansions,are,is,0,20.65054478136026,-4.827363014221191,-3.481243133544922,0,42.76838119954067,-4.095185279846191,-3.803877830505371,100,76.4225188889251,-3.527297019958496,-4.703282356262207,100,82.01037768929244,-5.716357231140138,-7.233407974243164,100,73.02355806551535,-3.197850227355957,-4.1936683654785165,0,20.65054478136026,-4.827363014221191,-3.481243133544922,0,42.76838119954067,-4.095185279846191,-3.803877830505371,100,76.4225188889251,-3.527297019958496,-4.703282356262207,100,82.01037768929244,-5.716357231140138,-7.233407974243164,100,73.02355806551535,-3.197850227355957,-4.1936683654785165,-64.5809,-60.8988,0,2.4552084668417065,-63.9433,-61.3964,0,7.263502236339779,-55.6822,-56.6904,100,73.26677386221239,-69.0649,-64.5066,0,1.0371171152621663,-63.6254,-60.2731,0,3.3819928399559394
31,31,31,HumphreysBock_5_CPC,CPC,The hired help from the mansions,are,is,0,31.379092302364413,-4.544340133666992,-3.761884689331055,0,36.141559943955,-4.6265296936035165,-4.057304382324219,100,86.37296050131286,-3.5061397552490234,-5.352758407592773,100,71.31661765509703,-5.569252967834473,-6.480064392089844,100,62.87776728810577,-3.6175518035888663,-4.144528388977052,0,31.379092302364413,-4.544340133666992,-3.761884689331055,0,36.141559943955,-4.6265296936035165,-4.057304382324219,100,86.37296050131286,-3.5061397552490234,-5.352758407592773,100,71.31661765509703,-5.569252967834473,-6.480064392089844,100,62.87776728810577,-3.6175518035888667,-4.144528388977052,-66.0257,-62.4806,0,2.805588211134144,-64.3165,-61.7732,0,7.287788878767934,-57.9402,-58.521,100,64.12514655426934,-71.8221,-67.6064,0,1.454723864504338,-61.9981,-59.0947,0,5.198574463912473
32,32,32,HumphreysBock_5_CSC,CSC,The hired help from the mansion,are,is,0,10.099744970865286,-4.797719955444336,-2.6115293502807617,0,4.89171101318654,-5.93946647644043,-2.9719924926757812,0,18.46958397962592,-4.576108932495117,-3.0912580490112305,0,6.187277502207983,-6.453142166137695,-3.7343368530273438,0,3.1064678762565423,-5.494462013244629,-2.0543355941772456,0,10.099744970865286,-4.797719955444336,-2.6115293502807617,0,4.89171101318654,-5.93946647644043,-2.971992492675781,0,18.46958397962592,-4.576108932495117,-3.0912580490112305,0,6.187277502207983,-6.453142166137695,-3.734336853027344,0,3.1064678762565423,-5.494462013244629,-2.0543355941772456,-72.6423,-68.3515,0,1.3508974310127666,-70.9676,-67.3709,0,2.668256283665119,-65.1902,-65.3243,100,53.3474850705153,-79.1302,-75.5269,0,2.6511691257531553,-69.9819,-65.3431,0,0.9576693953346574
33,33,33,HumphreysBock_5_PPD,PPD,The hired servants in the mansions,are,is,100,88.17875869015249,-3.483750343322754,-5.493218421936035,100,97.21321787678738,-3.5720176696777344,-7.12403678894043,100,99.12471182713408,-2.998751640319824,-7.72833251953125,100,96.43857370800751,-4.667279243469238,-7.966024398803711,100,98.03990408522192,-2.2814950942993164,-6.193876266479492,100,88.1787586901525,-3.483750343322754,-5.493218421936035,100,97.21321787678738,-3.5720176696777344,-7.12403678894043,100,99.12471182713408,-2.9987516403198238,-7.72833251953125,100,96.43857370800751,-4.667279243469238,-7.966024398803711,100,98.03990408522192,-2.2814950942993164,-6.193876266479492,-67.3489,-65.3592,0,12.02886046285226,-72.7613,-71.7004,0,25.713750109798156,-64.6477,-64.1462,0,37.71882280354151,-70.4186,-66.8323,0,2.6953990772808667,-59.9472,-58.9223,0,26.407403950846554
34,34,34,HumphreysBock_5_PPC,PPC,The hired servants from the mansions,are,is,100,92.11050295740887,-3.562840461730957,-6.020297050476074,100,97.65667467565416,-3.6678867340087886,-7.397773742675781,100,99.18474922786095,-3.586681365966797,-8.387925148010254,100,95.91126233386518,-4.638932228088379,-7.794119358062744,100,97.24031269073132,-2.7585153579711914,-6.3205833435058585,100,92.11050295740887,-3.562840461730957,-6.020297050476074,100,97.65667467565416,-3.6678867340087886,-7.397773742675781,100,99.18474922786095,-3.586681365966797,-8.387925148010254,100,95.91126233386518,-4.638932228088379,-7.794119358062744,100,97.24031269073133,-2.7585153579711914,-6.3205833435058585,-70.7645,-68.4123,0,8.689106351382657,-74.6576,-73.1411,0,17.99774905293113,-66.5729,-66.0941,0,38.25355277663805,-74.8407,-71.5217,0,3.492509819642436,-60.9365,-59.8444,0,25.12230410018671
35,35,35,HumphreysBock_5_PSC,PSC,The hired servants from the mansion,are,is,100,90.23457117249404,-2.9951353073120117,-5.218699455261231,100,90.10142106037901,-3.434788703918457,-5.643333435058594,100,87.42584020837782,-3.602067947387696,-5.541214942932129,100,71.39158818077131,-4.270940780639648,-5.185420036315918,100,89.61092261326088,-2.550262451171875,-4.704984664916992,100,90.23457117249404,-2.995135307312012,-5.218699455261231,100,90.10142106037901,-3.434788703918457,-5.643333435058594,100,87.42584020837782,-3.6020679473876958,-5.541214942932129,100,71.39158818077131,-4.2709407806396475,-5.185420036315918,100,89.61092261326088,-2.550262451171875,-4.704984664916992,-78.4875,-74.5559,0,1.923502533923982,-79.005,-75.2818,0,2.3586768309142547,-73.0627,-71.9625,0,24.970242230465356,-83.1568,-80.2802,0,5.332250530791885,-68.9658,-66.2479,0,6.19253443479866
36,36,36,HumphreysBock_6_CPD,CPD,The squad inside the armored vehicles,are,is,0,12.432270797937186,-4.608492851257324,-2.6563758850097656,0,43.43682715597745,-3.911190032958984,-3.647139549255371,0,27.96643927032957,-4.478632926940918,-3.532505989074707,0,14.1625860092423,-4.1344079971313485,-2.33255672454834,0,23.835986346110325,-3.593724250793457,-2.4320316314697266,0,12.432270797937186,-4.608492851257324,-2.6563758850097656,0,43.43682715597745,-3.911190032958984,-3.647139549255371,0,27.96643927032957,-4.478632926940918,-3.532505989074707,0,14.1625860092423,-4.1344079971313485,-2.33255672454834,0,23.835986346110325,-3.593724250793457,-2.4320316314697266,-67.1617,-64.3598,0,5.722158979523072,-70.069,-68.0817,0,12.054280237372023,-68.8597,-67.2881,0,17.198841869398926,-70.6313,-67.9901,0,6.653346867786496,-62.9256,-65.039,100,89.21987819599815
37,37,37,HumphreysBock_6_CPC,CPC,The squad behind the armored vehicles,are,is,0,19.152784000243305,-4.545431137084961,-3.1053180694580083,0,43.790894331568175,-4.484837532043457,-4.235184669494629,0,34.196781907931445,-4.203163146972656,-3.548625946044922,0,15.257818759092727,-4.193830490112306,-2.47930908203125,0,30.093854858652488,-3.6641578674316406,-2.8213253021240234,0,19.152784000243305,-4.545431137084961,-3.1053180694580083,0,43.790894331568175,-4.484837532043457,-4.235184669494629,0,34.196781907931445,-4.203163146972656,-3.548625946044922,0,15.257818759092727,-4.193830490112306,-2.47930908203125,0,30.093854858652488,-3.6641578674316406,-2.8213253021240234,-60.5376,-58.8169,0,15.178102120785619,-64.866,-63.2448,0,16.503944200665916,-64.3897,-63.2254,0,23.788683096769343,-64.7863,-62.143,0,6.640316313117927,-57.4777,-60.1241,100,93.37887594698007
38,38,38,HumphreysBock_6_CSC,CSC,The squad behind the armored vehicle,are,is,0,10.671541014360637,-4.953238487243652,-2.8284988403320312,0,4.095173252384609,-6.5518531799316415,-3.3983058929443364,0,5.940642223091775,-6.024802207946777,-3.2626934051513667,0,2.274882826627642,-5.624624252319336,-1.8643941879272456,0,11.388903155754953,-4.404109954833984,-2.352492332458496,0,10.671541014360637,-4.953238487243652,-2.8284988403320312,0,4.095173252384609,-6.5518531799316415,-3.3983058929443364,0,5.940642223091775,-6.024802207946777,-3.2626934051513667,0,2.274882826627642,-5.624624252319336,-1.8643941879272459,0,11.388903155754953,-4.4041099548339835,-2.352492332458496,-67.6668,-61.9638,0,0.3324851090496794,-64.9327,-61.3618,0,2.736084974895674,-68.4015,-63.4068,0,0.6728177905322694,-69.5942,-65.3609,0,1.4297075637161454,-61.6814,-59.0263,0,6.567536865464309
39,39,39,HumphreysBock_6_PPD,PPD,The soldiers inside the armored vehicles,are,is,100,85.61734562226279,-3.0559139251708984,-4.839778900146484,100,96.75614535089943,-3.0117149353027344,-6.407146453857423,100,94.30663978174348,-3.363656044006348,-6.170907020568848,100,91.7980729134898,-3.3105802536010738,-5.725802421569824,100,94.90872515746936,-2.4822702407836914,-5.4076576232910165,100,85.61734562226279,-3.0559139251708984,-4.8397789001464835,100,96.75614535089942,-3.0117149353027344,-6.407146453857423,100,94.30663978174348,-3.363656044006348,-6.170907020568848,100,91.7980729134898,-3.3105802536010738,-5.725802421569824,100,94.90872515746936,-2.4822702407836914,-5.4076576232910165,-60.4498,-60.9215,100,61.57860445854018,-63.4699,-66.1473,100,93.56798246982763,-63.291,-67.8614,100,98.97522856010147,-59.8754,-65.3927,100,99.59993908142862,-59.9837,-63.2995,100,96.49668840651891
40,40,40,HumphreysBock_6_PPC,PPC,The soldiers behind the armored vehicles,are,is,100,84.86565707529532,-3.2749958038330083,-4.999098777770996,100,96.1242029957383,-3.558051109313965,-6.7689409255981445,100,95.7740109250762,-3.3049306869506836,-6.425668716430664,100,95.07018240507256,-3.1919164657592773,-6.1512298583984375,100,91.86675589408294,-2.67594051361084,-5.100319862365723,100,84.86565707529532,-3.2749958038330083,-4.999098777770996,100,96.1242029957383,-3.558051109313965,-6.7689409255981445,100,95.7740109250762,-3.304930686950684,-6.425668716430664,100,95.07018240507256,-3.1919164657592773,-6.1512298583984375,100,91.86675589408294,-2.67594051361084,-5.100319862365723,-58.4125,-59.325,100,71.35114675426362,-61.5064,-64.1749,100,93.51421137421359,-62.0169,-66.7961,100,99.16672988873091,-54.9974,-60.3179,100,99.51334907689578,-58.1676,-61.5768,100,96.79908241178035
41,41,41,HumphreysBock_6_PSC,PSC,The soldiers behind the armored vehicle,are,is,100,88.08569425277244,-2.9530725479125977,-4.953642845153809,100,84.12398678066923,-3.756908416748047,-5.42439079284668,100,86.51234064609541,-3.750832557678223,-5.609344482421875,100,85.66554442822594,-3.2756404876708984,-5.063425064086914,100,89.37717097349906,-2.823969841003418,-4.953829765319824,100,88.08569425277244,-2.9530725479125977,-4.953642845153809,100,84.12398678066923,-3.756908416748047,-5.42439079284668,100,86.51234064609541,-3.750832557678223,-5.609344482421875,100,85.66554442822594,-3.2756404876708984,-5.063425064086914,100,89.37717097349906,-2.823969841003418,-4.953829765319824,-66.3597,-62.5665,0,2.202728195584798,-61.9387,-62.4384,100,62.23888274985732,-63.7652,-65.6315,100,86.60295758569882,-59.6366,-64.4057,100,99.15834240927583,-61.711,-61.6706,0,48.99013735104875
42,42,42,HumphreysBock_7_CPD,CPD,The team in to the race cars,are,is,0,26.732970666729802,-4.386751174926759,-3.3785381317138667,100,72.9451086907823,-3.6022443771362305,-4.594083786010742,100,61.24248962111386,-3.952701568603516,-4.410218238830566,100,60.35494459331871,-4.052003860473634,-4.472280502319336,100,91.68312740647995,-3.003390312194824,-5.4034423828125,0,26.7329706667298,-4.386751174926759,-3.3785381317138667,100,72.9451086907823,-3.6022443771362305,-4.594083786010742,100,61.24248962111386,-3.952701568603516,-4.410218238830566,100,60.35494459331871,-4.052003860473634,-4.472280502319336,100,91.68312740647995,-3.0033903121948238,-5.4034423828125,-70.2939,-69.1315,0,23.823146620211908,-67.4673,-66.2839,0,23.4441417979082,-70.0049,-70.3836,100,59.35595205175574,-68.5176,-67.5608,0,27.751934541567408,-66.7986,-67.7864,100,72.86531622159772
43,43,43,HumphreysBock_7_CPC,CPC,The team close to the race cars,are,is,100,56.260390115083894,-4.4382286071777335,-4.68996524810791,100,89.31134653345569,-3.6213436126708975,-5.744289398193359,100,72.36507902324895,-4.57558536529541,-5.538228988647461,100,64.49353961558849,-4.915261268615723,-5.512111663818359,100,72.8762064911853,-5.307952880859375,-6.296303749084473,100,56.260390115083894,-4.4382286071777335,-4.68996524810791,100,89.31134653345569,-3.6213436126708975,-5.7442893981933585,100,72.36507902324895,-4.57558536529541,-5.538228988647461,100,64.49353961558849,-4.915261268615723,-5.5121116638183585,100,72.8762064911853,-5.307952880859375,-6.296303749084473,-62.7723,-61.7817,0,27.079358270740407,-58.876,-57.9769,0,28.923548275943574,-63.1758,-62.5352,0,34.51109211703253,-61.2158,-60.2273,0,27.120845752644644,-57.6202,-58.0313,100,60.13516088607032
44,44,44,HumphreysBock_7_CSC,CSC,The team close to the race car,are,is,0,7.58682759110746,-6.305752754211426,-3.805896759033203,0,5.7104200370636855,-6.509410858154298,-3.705332756042482,0,7.1046347994166705,-6.337974548339844,-3.767248153686523,0,11.218529368180434,-6.522343635559082,-4.453732490539551,0,8.654672113323231,-7.170420169830322,-4.813872337341309,0,7.58682759110746,-6.305752754211426,-3.805896759033203,0,5.7104200370636855,-6.509410858154298,-3.705332756042481,0,7.104634799416671,-6.337974548339844,-3.767248153686523,0,11.218529368180434,-6.522343635559082,-4.453732490539551,0,8.654672113323231,-7.170420169830322,-4.813872337341309,-63.3529,-59.9418,0,3.1950357481958394,-60.3012,-57.6857,0,6.814750423405146,-61.7993,-60.3188,0,18.535190912553595,-67.9286,-64.1783,0,2.2970636050622284,-58.8474,-54.8292,0,1.7667552971516503
45,45,45,HumphreysBock_7_PPD,PPD,The drivers in to the race cars,are,is,100,96.59048510645086,-3.081273078918457,-6.425183296203612,100,95.77479441548596,-3.1506977081298837,-6.271629333496094,100,95.97081776701376,-3.218928337097168,-6.389409065246582,100,97.746358948948,-3.3424978256225586,-7.112326622009277,100,98.5555419754798,-2.3249740600585938,-6.547860145568848,100,96.59048510645086,-3.081273078918457,-6.425183296203612,100,95.77479441548596,-3.1506977081298833,-6.271629333496094,100,95.97081776701376,-3.218928337097168,-6.389409065246582,100,97.746358948948,-3.3424978256225586,-7.112326622009277,100,98.5555419754798,-2.3249740600585938,-6.547860145568848,-65.4372,-71.3957,100,99.74228739950115,-65.3148,-69.0061,100,97.56672875977108,-71.7726,-76.1084,100,98.7077773232491,-65.818,-71.4242,100,99.63384483434959,-67.3779,-70.2557,100,94.67380372920776
46,46,46,HumphreysBock_7_PPC,PPC,The drivers close to the race cars,are,is,100,97.47835731680608,-3.5045757293701167,-7.1592955589294425,100,94.72803117105721,-3.417696952819824,-6.306303024291992,100,90.97866949753409,-4.107220649719238,-6.4182538986206055,100,90.51781687654848,-4.496787071228027,-6.7529191970825195,100,95.02342412393101,-4.367301940917969,-7.316683292388916,100,97.47835731680608,-3.5045757293701167,-7.1592955589294425,100,94.72803117105721,-3.4176969528198238,-6.306303024291992,100,90.97866949753409,-4.107220649719238,-6.4182538986206055,100,90.51781687654848,-4.496787071228027,-6.75291919708252,100,95.02342412393101,-4.367301940917969,-7.316683292388916,-60.0903,-66.0371,100,99.73926236197327,-60.8337,-63.7539,100,94.88360092018931,-61.341,-64.8383,100,97.06108483754669,-59.7629,-65.4672,100,99.66794540645434,-58.1388,-60.4799,100,91.2224203445451
47,47,47,HumphreysBock_7_PSC,PSC,The drivers close to the race car,are,is,100,76.91166493059218,-4.236920356750488,-5.4402503967285165,0,37.1841820351096,-5.161371231079102,-4.63704776763916,0,45.228974401119956,-4.752320289611816,-4.560896873474121,100,62.70673664962808,-5.135580062866211,-5.65523624420166,0,30.787313266387855,-5.742276191711426,-4.932194709777832,100,76.91166493059218,-4.236920356750488,-5.4402503967285165,0,37.1841820351096,-5.161371231079102,-4.63704776763916,0,45.228974401119956,-4.752320289611816,-4.560896873474121,100,62.70673664962808,-5.135580062866211,-5.65523624420166,0,30.787313266387855,-5.742276191711426,-4.932194709777832,-60.0258,-62.07,100,88.53602478127655,-60.8038,-61.928,100,75.47669420048643,-58.5741,-61.7171,100,95.86320145504348,-63.2083,-67.7972,100,98.99382354412994,-57.749,-57.0286,0,32.73049062874068
48,48,48,HumphreysBock_8_CPD,CPD,The secretarial staff in the tiny desks,are,is,100,66.04521745368636,-3.5059108734130864,-4.171220779418944,100,87.33667869128494,-3.598495483398437,-5.529556274414063,100,73.0862967276473,-3.913790702819824,-4.9127960205078125,100,55.403858931556044,-4.615983009338379,-4.832984924316406,100,91.30612957351008,-4.023768424987793,-6.375368118286133,100,66.04521745368636,-3.5059108734130864,-4.171220779418944,100,87.33667869128494,-3.598495483398437,-5.529556274414063,100,73.0862967276473,-3.9137907028198238,-4.9127960205078125,100,55.40385893155604,-4.615983009338379,-4.832984924316406,100,91.30612957351008,-4.023768424987793,-6.375368118286133,-60.6285,-61.5841,100,72.22399875306822,-60.4937,-61.2185,100,67.36631327584821,-61.2816,-63.1455,100,86.57508775233264,-63.2454,-60.792,0,7.919026901648691,-60.4472,-60.9369,100,62.00357574635932
49,49,49,HumphreysBock_8_CPC,CPC,The secretarial staff around the tiny desks,are,is,100,70.74068723246602,-3.1643524169921875,-4.047175407409668,100,86.08852817799772,-3.459395408630371,-5.282057762145996,100,70.09427906278715,-3.9612207412719727,-4.81301212310791,100,57.21672523412493,-4.852770805358887,-5.14346981048584,100,79.14627329320761,-4.404000282287598,-5.737765312194824,100,70.74068723246602,-3.1643524169921875,-4.047175407409668,100,86.08852817799772,-3.459395408630371,-5.282057762145996,100,70.09427906278715,-3.9612207412719727,-4.81301212310791,100,57.21672523412493,-4.852770805358887,-5.14346981048584,100,79.14627329320761,-4.404000282287598,-5.737765312194824,-63.6193,-63.7682,100,53.71563752044391,-65.2079,-65.9538,100,67.82846741733746,-64.8333,-66.7986,100,87.71053902830883,-67.7212,-65.0689,0,6.584739166187534,-64.4188,-65.6743,100,77.82504852631862
50,50,50,HumphreysBock_8_CSC,CSC,The secretarial staff around the tiny desk,are,is,0,42.459860617850865,-3.665975570678712,-3.3620519638061523,0,17.587537318205282,-4.812857627868652,-3.2683115005493164,0,28.35552410349307,-4.356244087219238,-3.429349899291992,0,24.975626275222268,-5.510770797729492,-4.410858154296875,0,19.071651832299747,-5.277839660644531,-3.8324785232543945,0,42.459860617850865,-3.6659755706787114,-3.3620519638061523,0,17.587537318205282,-4.812857627868652,-3.2683115005493164,0,28.35552410349307,-4.356244087219238,-3.4293498992919917,0,24.975626275222268,-5.510770797729492,-4.410858154296875,0,19.071651832299747,-5.277839660644531,-3.8324785232543945,-64.4028,-62.4484,0,12.407437501944468,-66.0915,-63.4916,0,6.914485645056641,-64.3044,-64.7637,100,61.28481035509326,-68.3908,-64.3669,0,1.756889862841218,-64.7636,-62.6085,0,10.385560818148996
51,51,51,HumphreysBock_8_PPD,PPD,The secretarial secretaries in the tiny desks,are,is,100,88.94534767547466,-3.802820205688477,-5.887990951538086,100,97.31983872979448,-3.143486976623535,-6.735612869262695,100,94.18148607408577,-3.947159767150879,-6.7313385009765625,100,88.30660242172527,-4.374556541442871,-6.3963470458984375,100,94.97160013458908,-3.9653921127319336,-6.903868198394775,100,88.94534767547466,-3.802820205688477,-5.887990951538086,100,97.31983872979448,-3.143486976623535,-6.735612869262695,100,94.18148607408577,-3.947159767150879,-6.7313385009765625,100,88.30660242172527,-4.374556541442871,-6.3963470458984375,100,94.97160013458908,-3.9653921127319336,-6.903868198394775,-67.2348,-66.3966,0,30.19140201768752,-63.6709,-64.5124,100,69.87810392604801,-66.148,-67.9771,100,86.16544763078203,-71.0585,-68.1715,0,5.279995365962838,-66.106,-65.0873,0,26.528070211316884
52,52,52,HumphreysBock_8_PPC,PPC,The secretarial secretaries around the tiny desks,are,is,100,92.915417300862,-3.4197597503662114,-5.993528366088867,100,96.6589800724495,-3.18448257446289,-6.549395561218263,100,94.50051704010404,-3.887974739074707,-6.731925964355469,100,86.04323785443417,-4.9060707092285165,-6.724956512451173,100,86.21729249431746,-4.054293632507323,-5.887749671936035,100,92.91541730086199,-3.4197597503662114,-5.993528366088867,100,96.6589800724495,-3.18448257446289,-6.549395561218263,100,94.50051704010404,-3.887974739074707,-6.731925964355469,100,86.04323785443417,-4.9060707092285165,-6.724956512451173,100,86.21729249431746,-4.054293632507323,-5.887749671936035,-71.9166,-71.0959,0,30.56150895275446,-67.7082,-68.5593,100,70.07978416564596,-72.8899,-74.5061,100,83.4270396423715,-73.7931,-71.3244,0,7.808176431914286,-70.4096,-70.1386,0,43.26616129830016
53,53,53,HumphreysBock_8_PSC,PSC,The secretarial secretaries around the tiny desk,are,is,100,83.81857482670749,-3.44187068939209,-5.086661338806152,100,82.85262321302996,-3.2918109893798837,-4.867029190063477,100,70.72556457763916,-4.109253883361816,-4.99134635925293,100,63.10757854656038,-5.344537734985352,-5.881372451782228,100,50.731487532892196,-4.200145721435547,-4.22940731048584,100,83.81857482670749,-3.44187068939209,-5.086661338806152,100,82.85262321302996,-3.2918109893798833,-4.867029190063477,100,70.72556457763916,-4.109253883361816,-4.99134635925293,100,63.10757854656038,-5.344537734985352,-5.8813724517822275,100,50.731487532892196,-4.200145721435547,-4.22940731048584,-72.7659,-70.1588,0,6.8682871908938345,-67.8066,-65.7365,0,11.203708969299747,-71.8783,-72.4223,100,63.27424280945587,-74.5754,-70.9642,0,2.630856243929754,-70.4578,-67.2732,0,3.974938264882354
54,54,54,HumphreysBock_9_CPD,CPD,The family on the new bicycles,are,is,100,51.114779713464024,-2.928653717041016,-2.973252296447754,100,80.3906072681054,-3.4813804626464844,-4.892269134521484,100,68.54411713229031,-3.473041534423828,-4.251933097839356,100,55.9377019620466,-4.1049537658691415,-4.343587875366212,0,48.21833735371509,-3.8926925659179688,-3.8213958740234375,100,51.114779713464024,-2.928653717041016,-2.973252296447754,100,80.3906072681054,-3.4813804626464844,-4.8922691345214835,100,68.54411713229031,-3.473041534423828,-4.251933097839356,100,55.9377019620466,-4.1049537658691415,-4.343587875366212,0,48.21833735371509,-3.8926925659179688,-3.8213958740234375,-52.3293,-52.0828,0,43.86851550358018,-52.1885,-53.0305,100,69.88862718483838,-50.0152,-50.0176,100,50.059999971199886,-52.4499,-51.0779,0,20.229690852090076,-52.1946,-51.9308,0,43.44298145325915
55,55,55,HumphreysBock_9_CPC,CPC,The family with the new bicycles,are,is,0,48.40321023067536,-3.3954086303710938,-3.331515312194824,100,76.06209611767297,-3.8662614822387695,-5.022348403930664,100,86.05734139947322,-3.6208620071411133,-5.440922737121582,100,66.23463730481414,-4.288897514343262,-4.962665557861328,0,48.12671646700564,-4.169332504272462,-4.0943660736083975,0,48.40321023067536,-3.3954086303710938,-3.3315153121948238,100,76.06209611767297,-3.8662614822387695,-5.022348403930664,100,86.05734139947322,-3.620862007141113,-5.440922737121582,100,66.23463730481414,-4.288897514343262,-4.962665557861328,0,48.12671646700564,-4.169332504272462,-4.0943660736083975,-51.8246,-52.0076,100,54.56227493203178,-55.5832,-55.8976,100,57.795888628687955,-49.709,-50.8948,100,76.59890561904625,-54.0165,-52.994,0,26.454071698645716,-50.1036,-50.1329,100,50.73244760083797
56,56,56,HumphreysBock_9_CSC,CSC,The family with the new bicycle,are,is,0,24.67232994194821,-4.0705623626708975,-2.9543972015380864,0,7.834810075660712,-6.124223709106445,-3.6592178344726562,0,10.373630137432448,-5.702601432800293,-3.5462188720703125,0,17.517675433925874,-5.350640296936035,-3.8012666702270512,0,19.694593632963677,-4.725319862365723,-3.3198270797729488,0,24.67232994194821,-4.0705623626708975,-2.9543972015380864,0,7.834810075660712,-6.124223709106445,-3.659217834472656,0,10.373630137432448,-5.702601432800293,-3.5462188720703125,0,17.517675433925874,-5.350640296936035,-3.8012666702270512,0,19.694593632963677,-4.725319862365723,-3.3198270797729488,-54.8528,-53.7233,0,24.42533859371864,-55.1357,-52.8892,0,9.565179557998059,-53.8366,-53.2285,0,35.24927353371381,-55.7018,-54.2657,0,19.215001252879187,-51.7765,-51.1452,0,34.721582521839814
57,57,57,HumphreysBock_9_PPD,PPD,The sisters on the new bicycles,are,is,100,96.55823143779844,-2.9001150131225586,-6.234275817871094,100,97.84637268467468,-2.706012725830078,-6.5222578048706055,100,97.9356402373024,-2.6603031158447266,-6.519793510437013,100,93.35363330988683,-3.724384307861328,-6.366708755493164,100,98.2782511475782,-3.1503477096557617,-7.194809913635254,100,96.55823143779844,-2.9001150131225586,-6.234275817871094,100,97.84637268467468,-2.706012725830078,-6.5222578048706055,100,97.9356402373024,-2.6603031158447266,-6.519793510437013,100,93.35363330988683,-3.724384307861328,-6.366708755493164,100,98.2782511475782,-3.1503477096557617,-7.194809913635254,-44.7825,-51.3785,100,99.86360425138045,-47.9546,-53.7919,100,99.70917753264129,-45.6388,-51.5463,100,99.72883969459274,-44.6559,-50.4095,100,99.6838682238835,-47.5347,-47.9516,100,60.27412096412081
58,58,58,HumphreysBock_9_PPC,PPC,The sisters with the new bicycles,are,is,100,96.3636937902374,-3.5350131988525386,-6.812174320220947,100,96.81427620995471,-3.2505102157592773,-6.66462516784668,100,98.24165777473692,-4.053880691528319,-8.076939582824707,100,92.5154513051196,-4.0548601150512695,-6.569395065307617,100,97.9113638910746,-3.1533403396606445,-7.00089168548584,100,96.3636937902374,-3.5350131988525386,-6.812174320220947,100,96.81427620995471,-3.2505102157592773,-6.66462516784668,100,98.24165777473692,-4.053880691528319,-8.076939582824707,100,92.5154513051196,-4.0548601150512695,-6.569395065307617,100,97.9113638910746,-3.1533403396606445,-7.00089168548584,-46.2853,-53.1788,100,99.89866705082297,-50.1217,-55.7744,100,99.65042309811587,-46.3467,-52.765,100,99.83712299148617,-47.331,-53.3766,100,99.76373359445569,-46.553,-47.6313,100,74.61721393322345
59,59,59,HumphreysBock_9_PSC,PSC,The sisters with the new bicycle,are,is,100,92.57333954313187,-3.831148147583008,-6.35407304763794,100,55.29886017453917,-4.699939727783203,-4.9126930236816415,100,65.42448096057578,-4.867827415466309,-5.50557804107666,100,55.07815097009142,-4.899712562561035,-5.103541374206543,100,92.21110912558176,-3.6157102584838867,-6.087092399597168,100,92.57333954313187,-3.8311481475830083,-6.35407304763794,100,55.29886017453917,-4.699939727783203,-4.9126930236816415,100,65.42448096057578,-4.867827415466309,-5.50557804107666,100,55.07815097009142,-4.899712562561035,-5.103541374206543,100,92.21110912558176,-3.615710258483887,-6.087092399597168,-48.7648,-55.2693,100,99.85055478139006,-49.2007,-51.6437,100,92.00480450190075,-49.3515,-54.3646,100,99.33936782014511,-48.4404,-54.8698,100,99.83891803311242,-46.6031,-47.3796,100,68.49252940326292
60,60,60,HumphreysBock_10_CPD,CPD,The wedding party in the cars,are,is,0,11.606879209346847,-4.852710723876953,-2.822514533996582,0,21.08762633831564,-4.1554174423217765,-2.835765838623047,0,49.370727387872456,-3.7397632598876953,-3.714591026306152,0,18.15257546936161,-4.744617462158203,-3.2385730743408203,0,30.49717527726901,-4.4900169372558585,-3.66628360748291,0,11.606879209346847,-4.852710723876953,-2.822514533996582,0,21.08762633831564,-4.1554174423217765,-2.835765838623047,0,49.37072738787246,-3.7397632598876953,-3.714591026306152,0,18.15257546936161,-4.744617462158203,-3.2385730743408203,0,30.49717527726901,-4.4900169372558585,-3.66628360748291,-50.6638,-47.1677,0,2.9423401477713056,-52.8797,-49.8283,0,4.515706995680385,-49.6124,-47.3614,0,9.526324185205473,-50.6019,-49.619,0,27.23167394055726,-49.2133,-47.5067,0,15.360523160697692
61,61,61,HumphreysBock_10_CPC,CPC,The wedding party beside the cars,are,is,0,13.51895946999511,-4.535996437072754,-2.680164337158203,0,14.492191511694177,-4.072840690612793,-2.2978429794311523,0,21.565143415217765,-4.410637855529785,-3.1194477081298837,0,17.38594853615808,-4.609518051147461,-3.051000595092773,0,8.163643747502379,-5.140068054199219,-2.71975040435791,0,13.51895946999511,-4.535996437072754,-2.680164337158203,0,14.492191511694177,-4.072840690612793,-2.2978429794311523,0,21.565143415217765,-4.410637855529785,-3.1194477081298833,0,17.38594853615808,-4.609518051147461,-3.051000595092773,0,8.163643747502379,-5.140068054199219,-2.71975040435791,-58.3118,-54.383,0,1.928791861613108,-59.8544,-56.7855,0,4.440848421026946,-58.4274,-56.3512,0,11.143166718794054,-59.1545,-58.5224,0,34.703452179155455,-56.4331,-55.1527,0,21.748214242007933
62,62,62,HumphreysBock_10_CSC,CSC,The wedding party beside the car,are,is,0,1.0809410174844014,-6.6431732177734375,-2.1267032623291016,0,2.429342956231312,-5.608410835266113,-1.9154548645019531,0,3.991530723356517,-5.991316795349121,-2.8110551834106445,0,1.2998375004766811,-6.752595901489258,-2.422748565673828,0,0.5500727092280128,-6.751233100891112,-1.5538740158081057,0,1.0809410174844014,-6.6431732177734375,-2.1267032623291016,0,2.429342956231312,-5.608410835266113,-1.915454864501953,0,3.991530723356517,-5.991316795349121,-2.8110551834106445,0,1.2998375004766811,-6.752595901489258,-2.422748565673828,0,0.5500727092280128,-6.751233100891112,-1.5538740158081057,-57.1009,-50.2552,0,0.10628902234194638,-57.8608,-53.1112,0,0.8580887647303356,-59.409,-54.0235,0,0.4561644517959226,-59.5012,-54.1228,0,0.4593998124504824,-60.4943,-53.6787,0,0.10953340055537536
63,63,63,HumphreysBock_10_PPD,PPD,The wedding celebrities in the cars,are,is,100,96.68143556612642,-2.522891044616699,-5.894780158996582,100,98.51538032672829,-2.761821746826172,-6.956875801086426,100,98.23188352463958,-2.635478973388672,-6.652894973754883,100,96.85282471776605,-3.3935556411743164,-6.820242881774902,100,99.4753675774604,-2.8471078872680664,-8.092075347900389,100,96.68143556612642,-2.522891044616699,-5.894780158996582,100,98.51538032672829,-2.761821746826172,-6.956875801086426,100,98.23188352463958,-2.635478973388672,-6.652894973754883,100,96.85282471776605,-3.3935556411743164,-6.820242881774902,100,99.4753675774604,-2.8471078872680664,-8.092075347900389,-45.2663,-52.2796,100,99.91009747432588,-47.5882,-51.999,100,98.80002839720666,-45.1069,-48.3472,100,96.23229882365234,-44.4453,-50.7626,100,99.81984415501609,-44.3154,-45.115,100,68.98889107476688
64,64,64,HumphreysBock_10_PPC,PPC,The wedding celebrities beside the cars,are,is,100,98.86555357438854,-2.126904487609864,-6.594520568847656,100,97.55000117580141,-2.517340660095215,-6.201618194580077,100,95.47387890553304,-2.765013694763184,-5.814001083374023,100,97.0505008010462,-3.1872053146362305,-6.6808013916015625,100,97.07829440433487,-2.9755001068115234,-6.478850364685059,100,98.86555357438854,-2.1269044876098637,-6.594520568847656,100,97.55000117580141,-2.517340660095215,-6.201618194580077,100,95.47387890553304,-2.765013694763184,-5.8140010833740225,100,97.0505008010462,-3.1872053146362305,-6.6808013916015625,100,97.07829440433487,-2.9755001068115234,-6.478850364685059,-53.1446,-59.7554,100,99.86560535083017,-55.3481,-59.2602,100,98.039363690358,-54.2647,-57.6387,100,96.68820153733806,-53.8308,-60.6912,100,99.89526037382122,-51.7633,-52.2781,100,62.593103067105595
65,65,65,HumphreysBock_10_PSC,PSC,The wedding celebrities beside the car,are,is,100,99.36186307522112,-1.9006738662719729,-6.9486446380615225,100,86.78691144309224,-2.6953306198120117,-4.577578544616699,100,85.99457385325421,-3.1044654846191406,-4.919304847717285,100,89.33730141122734,-3.5080509185791016,-5.633718490600586,100,90.96116810545557,-2.8904972076416016,-5.199399948120117,100,99.36186307522112,-1.9006738662719729,-6.9486446380615225,100,86.78691144309224,-2.695330619812012,-4.577578544616699,100,85.99457385325421,-3.1044654846191406,-4.919304847717285,100,89.33730141122734,-3.5080509185791016,-5.633718490600586,100,90.96116810545558,-2.8904972076416016,-5.199399948120117,-52.5018,-51.9904,0,37.48653902384345,-53.3242,-54.6251,100,78.598641260308,-52.5132,-54.107,100,83.1150064956224,-50.5318,-55.6812,100,99.42305937893667,-55.6833,-50.3371,0,0.4743619126606433
66,66,66,HumphreysBock_11_CPD,CPD,The group on to the jet skis,are,is,0,29.22125003940832,-4.057557106018066,-3.1728944778442383,100,71.64986157405959,-3.644729614257813,-4.5718889236450195,100,87.28184716512176,-3.5566329956054688,-5.482745170593262,0,34.26226537559207,-3.8093395233154297,-3.1577110290527344,100,60.48045060863664,-3.428442001342773,-3.85396671295166,0,29.22125003940832,-4.057557106018066,-3.1728944778442383,100,71.64986157405959,-3.644729614257813,-4.57188892364502,100,87.28184716512176,-3.5566329956054688,-5.482745170593262,0,34.26226537559207,-3.8093395233154297,-3.1577110290527344,100,60.48045060863664,-3.428442001342773,-3.85396671295166,-80.0957,-76.1761,0,1.9462716668819289,-80.6915,-77.4988,0,3.944136075703903,-70.693,-70.6784,0,49.63500648347829,-78.5186,-76.2132,0,9.067672170530711,-72.2464,-74.1547,100,87.0828041216343
67,67,67,HumphreysBock_11_CPC,CPC,The group next to the jet skis,are,is,0,44.19542926219618,-5.097641944885254,-4.864407539367676,100,65.29853833751564,-3.420111656188965,-4.052299499511719,100,71.30186705414896,-4.730915069580078,-5.641005516052246,0,38.52971832169293,-4.256828308105469,-3.7897043228149414,100,54.427583322871406,-4.20382022857666,-4.3813886642456055,0,44.19542926219618,-5.097641944885254,-4.864407539367676,100,65.29853833751564,-3.420111656188965,-4.052299499511719,100,71.30186705414896,-4.730915069580078,-5.641005516052246,0,38.52971832169293,-4.256828308105469,-3.789704322814941,100,54.427583322871406,-4.20382022857666,-4.3813886642456055,-67.6522,-64.5128,0,4.15109854296765,-70.5374,-66.9759,0,2.7612119237183306,-65.6491,-65.2093,0,39.17886262816398,-68.7683,-66.5829,0,10.106925690599859,-63.5836,-62.857,0,32.5941276997943
68,68,68,HumphreysBock_11_CSC,CSC,The group next to the jet ski,are,is,0,3.246789296285204,-8.899191856384277,-5.504694938659668,0,5.863684752838048,-6.570807456970215,-3.794841766357422,0,6.876120905897793,-8.473901748657228,-5.868025779724121,0,3.013298504473286,-7.573264122009277,-4.1017255783081055,0,15.651200460110385,-7.1321868896484375,-5.4477739334106445,0,3.2467892962852036,-8.899191856384277,-5.504694938659668,0,5.863684752838048,-6.570807456970215,-3.794841766357422,0,6.876120905897792,-8.473901748657228,-5.868025779724121,0,3.013298504473286,-7.573264122009277,-4.1017255783081055,0,15.651200460110385,-7.1321868896484375,-5.4477739334106445,-70.0256,-64.0488,0,0.2530511762780346,-72.4979,-67.9148,0,1.0119700075895874,-66.3633,-65.4663,0,28.96673882328134,-70.4903,-66.2677,0,1.4448653505533795,-63.0443,-61.4739,0,17.215937604769966
69,69,69,HumphreysBock_11_PPD,PPD,The friends on to the jet skis,are,is,100,98.83005083951002,-3.0280475616455083,-7.464488983154298,100,96.25365168768177,-2.8260879516601562,-6.072293281555176,100,97.97086379100472,-2.893404960632324,-6.770464897155763,100,87.94507184293077,-3.6849050521850586,-5.672143936157228,100,81.4338897960227,-3.123000144958496,-4.60145378112793,100,98.83005083951002,-3.0280475616455083,-7.464488983154298,100,96.25365168768177,-2.826087951660156,-6.072293281555176,100,97.97086379100472,-2.8934049606323238,-6.770464897155763,100,87.94507184293077,-3.6849050521850586,-5.6721439361572275,100,81.4338897960227,-3.123000144958496,-4.60145378112793,-76.1777,-80.526,100,98.72362468421554,-80.0511,-84.0369,100,98.17612553552574,-69.3575,-74.4801,100,99.40748117000228,-71.8925,-78.9134,100,99.91077753639043,-74.5042,-76.6034,100,89.08253987211026
70,70,70,HumphreysBock_11_PPC,PPC,The friends next to the jet skis,are,is,100,97.2318855244729,-3.382206916809082,-6.941139221191406,100,94.91092282720224,-2.8363113403320312,-5.762153625488281,100,96.72230811825408,-3.264080047607422,-6.648784637451173,100,91.50138960806251,-3.4748687744140625,-5.851320266723633,100,81.81198898208936,-3.852585792541504,-5.356246948242188,100,97.2318855244729,-3.382206916809082,-6.941139221191406,100,94.91092282720224,-2.8363113403320312,-5.762153625488281,100,96.72230811825409,-3.264080047607422,-6.648784637451173,100,91.50138960806251,-3.4748687744140625,-5.851320266723633,100,81.81198898208936,-3.852585792541504,-5.356246948242188,-68.6861,-75.2069,100,99.85296744021643,-74.5822,-78.3339,100,97.70607631548657,-67.8796,-72.6134,100,99.12836487290188,-67.6858,-74.8761,100,99.92467049535179,-67.6753,-69.2536,100,82.89636217635467
71,71,71,HumphreysBock_11_PSC,PSC,The friends next to the jet ski,are,is,100,60.527260565361345,-5.688825607299805,-6.11630916595459,0,35.42916800369639,-4.660421371459961,-4.060194015502931,100,82.54790133739057,-5.118622779846191,-6.672541618347168,0,43.664760993267095,-5.979727745056152,-5.7249488830566415,100,57.61861685309466,-5.745582580566406,-6.0527191162109375,100,60.527260565361345,-5.688825607299805,-6.11630916595459,0,35.42916800369639,-4.660421371459961,-4.060194015502931,100,82.54790133739057,-5.118622779846191,-6.672541618347168,0,43.664760993267095,-5.979727745056152,-5.7249488830566415,100,57.61861685309466,-5.745582580566406,-6.0527191162109375,-67.6518,-69.426,100,85.49792048670055,-77.3776,-78.8056,100,80.65895013134228,-67.8317,-71.0276,100,96.06796950964565,-66.6159,-72.0881,100,99.5815605102799,-66.1275,-66.6863,100,63.61748379979737
72,72,72,HumphreysBock_12_CPD,CPD,The boy scout troop scouts inside the tents,are,is,100,85.07984457392745,-3.4056882858276367,-5.1465654373168945,100,94.79703134348713,-3.007014274597168,-5.909523010253906,100,91.17386866126776,-3.4591779708862305,-5.794229507446289,100,51.16484542160923,-4.332718849182129,-4.379321098327637,100,82.72959645439758,-6.227507591247559,-7.794090747833253,100,85.07984457392745,-3.4056882858276367,-5.146565437316895,100,94.79703134348713,-3.007014274597168,-5.909523010253906,100,91.17386866126776,-3.4591779708862305,-5.794229507446289,100,51.16484542160923,-4.332718849182129,-4.379321098327637,100,82.72959645439758,-6.227507591247559,-7.794090747833253,-81.8794,-85.774,100,98.0054409525708,-93.3725,-95.7717,100,91.67662791608055,-87.3415,-90.7927,100,96.92669070632792,-76.3841,-81.2008,100,99.19715265518757,-91.7647,-91.4751,0,42.81017965101249
73,73,73,HumphreysBock_12_CPC,CPC,The boy scout troop scouts outside the tents,are,is,100,85.86356062471361,-3.583831787109375,-5.387835502624512,100,96.22149634505377,-3.3045787811279297,-6.541903495788574,100,91.3820306792718,-3.2836217880249023,-5.6448211669921875,100,53.684102277145044,-4.2081661224365225,-4.35579776763916,100,79.79196502368431,-6.7220211029052725,-8.095363616943361,100,85.86356062471361,-3.583831787109375,-5.387835502624512,100,96.22149634505377,-3.3045787811279297,-6.541903495788574,100,91.3820306792718,-3.2836217880249023,-5.644821166992188,100,53.684102277145044,-4.2081661224365225,-4.35579776763916,100,79.79196502368431,-6.7220211029052725,-8.095363616943361,-83.1484,-86.9831,100,97.88492027721756,-94.2879,-96.6547,100,91.42603501044636,-89.0698,-92.9278,100,97.93262488735297,-76.3111,-79.4467,100,95.83375571452653,-92.3643,-92.9176,100,63.490087678714445
74,74,74,HumphreysBock_12_CSC,CSC,The boy scout troop scouts outside the tent,are,is,100,87.35583087571396,-3.223430633544922,-5.156224250793457,100,85.25320036721156,-3.2807331085205083,-5.035332679748535,100,63.48170673967799,-3.780141830444336,-4.333080291748047,0,21.156011242815822,-4.516228675842285,-3.2006816864013667,0,34.94302921375929,-7.632197380065918,-7.010653018951416,100,87.35583087571396,-3.223430633544922,-5.156224250793457,100,85.25320036721156,-3.2807331085205083,-5.035332679748535,100,63.48170673967799,-3.7801418304443364,-4.333080291748047,0,21.156011242815822,-4.516228675842285,-3.2006816864013667,0,34.94302921375929,-7.632197380065918,-7.010653018951416,-82.2141,-84.2347,100,88.29430361526835,-93.6765,-84.04,0,0.006529694550751124,-88.3723,-80.9598,0,0.06032954722440811,-75.5802,-79.7019,100,98.40418695332495,-93.1965,-91.5684,0,16.409080844899428
75,75,75,HumphreysBock_12_PPD,PPD,The boy scout boy scouts inside the tents,are,is,100,56.18933941774864,-4.995326042175293,-5.244175910949707,100,89.86818868677099,-3.3604764938354488,-5.543140411376953,100,88.90811269592491,-3.7811269760131836,-5.862516403198242,0,43.58700971948379,-4.328810691833496,-4.0708703994750985,100,81.82494145577759,-7.4523468017578125,-8.956878662109375,100,56.18933941774864,-4.995326042175293,-5.244175910949707,100,89.86818868677099,-3.3604764938354488,-5.543140411376953,100,88.90811269592491,-3.781126976013184,-5.862516403198242,0,43.58700971948379,-4.328810691833496,-4.0708703994750985,100,81.82494145577759,-7.452346801757812,-8.956878662109375,-76.6328,-80.3836,100,97.70405827662606,-96.2669,-98.3821,100,89.23717839889049,-84.7883,-87.9184,100,95.8117405970276,-79.7837,-84.5783,100,99.17935944372202,-92.3463,-91.7412,0,35.3177762783557
76,76,76,HumphreysBock_12_PPC,PPC,The boy scout boy scouts outside the tents,are,is,100,57.19557318921811,-4.3449249267578125,-4.634759902954102,100,90.483817382766,-3.6329097747802734,-5.885087013244629,100,89.76034676106148,-3.629368782043457,-5.800244331359862,0,47.897625502202956,-4.333065986633302,-4.2489213943481445,100,80.3152538016786,-7.939166069030763,-9.345281600952148,100,57.19557318921811,-4.3449249267578125,-4.634759902954102,100,90.483817382766,-3.6329097747802734,-5.885087013244629,100,89.76034676106148,-3.629368782043457,-5.800244331359862,0,47.897625502202956,-4.333065986633302,-4.2489213943481445,100,80.3152538016786,-7.939166069030763,-9.345281600952148,-77.5078,-81.3583,100,97.91738541333311,-98.2986,-100.133,100,86.2285058162924,-89.8422,-86.5444,0,3.5646739370462637,-80.0234,-82.5156,100,92.35931987642464,-93.9929,-93.6494,0,41.49595365360502
77,77,77,HumphreysBock_12_PSC,PSC,The boy scout boy scouts outside the tent,are,is,0,43.47343004417824,-4.349267959594728,-4.08670711517334,0,38.666641533419146,-4.443404197692871,-3.982057571411133,100,54.62630755727546,-4.325263977050781,-4.510847091674805,0,15.639205910067982,-4.883081436157227,-3.1977596282958984,0,22.543459999792127,-9.183111190795898,-7.94883918762207,0,43.47343004417824,-4.3492679595947275,-4.08670711517334,0,38.666641533419146,-4.443404197692871,-3.9820575714111333,100,54.62630755727546,-4.325263977050781,-4.510847091674805,0,15.639205910067982,-4.883081436157227,-3.1977596282958984,0,22.543459999792127,-9.183111190795898,-7.94883918762207,-77.837,-79.8663,100,88.38392300267242,-97.7817,-98.8611,100,74.63804221160657,-88.876,-89.5227,100,65.6266430381667,-78.9353,-82.4094,100,96.99417834574669,-94.5945,-92.425,0,10.252303033107891
78,78,78,HumphreysBock_13_CPD,CPD,The orchestra on the tour buses,are,is,100,59.61369916335726,-2.776723861694336,-3.166118621826172,100,65.86015048888004,-3.733511924743652,-4.390580177307129,100,66.1978361307566,-3.7470693588256836,-4.419192314147949,0,37.35994826964726,-4.501683235168457,-3.984877586364746,100,79.29285948405862,-3.5999937057495117,-4.942663192749023,100,59.61369916335726,-2.776723861694336,-3.166118621826172,100,65.86015048888004,-3.733511924743652,-4.390580177307129,100,66.1978361307566,-3.747069358825684,-4.419192314147949,0,37.35994826964726,-4.501683235168457,-3.984877586364746,100,79.29285948405862,-3.599993705749512,-4.942663192749023,-71.444,-69.3033,0,10.520347631616584,-68.9174,-64.1833,0,0.87137595400402,-65.6975,-64.1081,0,16.94683294757744,-64.0513,-61.4186,0,6.706332523881878,-65.7916,-64.1054,0,15.627623102431066
79,79,79,HumphreysBock_13_CPC,CPC,The orchestra by the tour buses,are,is,0,48.1934070695685,-3.4477691650390625,-3.375473976135254,100,55.907706617625465,-4.225873947143556,-4.463291168212892,0,41.63699314594336,-4.867552757263184,-4.52985954284668,0,22.14856653062833,-5.0553131103515625,-3.798283576965332,100,72.79301217131405,-4.591678619384767,-5.575824737548828,0,48.1934070695685,-3.4477691650390625,-3.375473976135254,100,55.90770661762546,-4.225873947143556,-4.4632911682128915,0,41.63699314594336,-4.867552757263184,-4.52985954284668,0,22.14856653062833,-5.0553131103515625,-3.798283576965332,100,72.79301217131405,-4.5916786193847665,-5.575824737548828,-71.7064,-68.3582,0,3.395415694514155,-69.7791,-64.7924,0,0.6781852705408059,-67.7377,-66.5102,0,22.66192837075735,-63.3154,-60.8046,0,7.510451952461711,-71.4148,-69.4423,0,12.212061560024761
80,80,80,HumphreysBock_13_CSC,CSC,The orchestra by the tour bus,are,is,0,2.652254540238919,-6.000591278076173,-2.397711753845215,0,2.1019235699504306,-7.075884819030763,-3.2348108291625977,0,4.404803552993051,-7.306709289550781,-4.229282379150392,0,0.9068593761705194,-7.50832986831665,-2.8145017623901367,0,6.404522108569328,-7.201339244842527,-4.51936149597168,0,2.652254540238919,-6.000591278076173,-2.397711753845215,0,2.1019235699504306,-7.075884819030763,-3.2348108291625977,0,4.404803552993051,-7.306709289550781,-4.2292823791503915,0,0.9068593761705194,-7.50832986831665,-2.8145017623901367,0,6.404522108569328,-7.201339244842528,-4.51936149597168,-74.5308,-69.6055,0,0.7208212219430579,-67.9903,-63.314,0,0.9227470616146214,-66.7131,-63.8959,0,5.640176631429374,-67.22,-62.1619,0,0.6317463457335889,-72.506,-67.6433,0,0.767029758635607
81,81,81,HumphreysBock_13_PPD,PPD,The musicians on the tour buses,are,is,100,99.77138711527219,-2.238614082336426,-8.317220687866211,100,97.20636311180613,-2.8296527862548837,-6.379144668579103,100,97.17784897837322,-2.6037302017211914,-6.142773628234862,100,95.82512880142664,-3.36551570892334,-6.49895715713501,100,99.36005371391843,-2.622929573059082,-7.668050765991211,100,99.77138711527219,-2.238614082336426,-8.317220687866211,100,97.20636311180613,-2.8296527862548833,-6.3791446685791025,100,97.17784897837322,-2.6037302017211914,-6.142773628234862,100,95.82512880142664,-3.36551570892334,-6.49895715713501,100,99.36005371391843,-2.622929573059082,-7.668050765991211,-68.1058,-71.4081,100,96.45076300223904,-72.8383,-73.6493,100,69.23225572928891,-70.5213,-74.7253,100,98.52840784817076,-69.3453,-68.3447,0,26.882347056571714,-68.9098,-70.4124,100,81.79619368269768
82,82,82,HumphreysBock_13_PPC,PPC,The musicians by the tour buses,are,is,100,99.4289659878717,-2.3297348022460938,-7.489484786987305,100,96.49646819998208,-3.0398073196411133,-6.355542182922362,100,95.68606888412985,-3.204645156860352,-6.303868293762207,100,92.27922707929429,-3.66789436340332,-6.148798942565918,100,96.88985574427595,-3.2069292068481445,-6.645834922790527,100,99.4289659878717,-2.3297348022460938,-7.489484786987305,100,96.49646819998209,-3.0398073196411133,-6.355542182922362,100,95.68606888412985,-3.204645156860352,-6.303868293762207,100,92.27922707929429,-3.66789436340332,-6.148798942565918,100,96.88985574427595,-3.2069292068481445,-6.645834922790527,-69.6071,-73.2364,100,97.41511408374954,-74.5798,-73.9533,0,34.830457515854604,-72.1318,-76.0773,100,98.10254538241814,-70.138,-69.3302,0,30.83595003940009,-74.4296,-75.7545,100,78.99957836629665
83,83,83,HumphreysBock_13_PSC,PSC,The musicians by the tour bus,are,is,100,94.32345766764068,-3.0432453155517583,-5.853632926940918,100,73.74934008587249,-3.717462539672852,-4.750443458557129,100,80.14860111792026,-4.1878881454467765,-5.58349609375,0,40.303968889712564,-4.716175079345703,-4.323359489440918,100,50.10972005398686,-4.743527412414551,-4.747916221618652,100,94.32345766764068,-3.0432453155517583,-5.853632926940918,100,73.74934008587249,-3.717462539672852,-4.750443458557129,100,80.14860111792026,-4.1878881454467765,-5.58349609375,0,40.303968889712564,-4.716175079345703,-4.323359489440918,100,50.10972005398686,-4.743527412414551,-4.747916221618652,-72.8271,-73.0809,100,56.311158834120924,-73.1169,-71.7043,0,19.582429197116102,-68.5872,-72.0176,100,96.86412201923872,-73.0939,-69.8462,0,3.7409622609135087,-74.3005,-73.1706,0,24.41795560231106
84,84,84,HumphreysBock_14_CPD,CPD,The audience in the luxury boxes,are,is,0,30.683141355450076,-4.056698799133302,-3.2417240142822266,100,68.71014582084692,-3.571258544921875,-4.357861518859863,0,39.696273205365415,-4.072584152221681,-3.654447555541992,0,31.91796152724709,-4.2712154388427725,-3.5136709213256836,100,80.52687491007553,-3.151763916015625,-4.571319580078125,0,30.683141355450076,-4.056698799133302,-3.2417240142822266,100,68.71014582084692,-3.571258544921875,-4.357861518859863,0,39.696273205365415,-4.072584152221681,-3.6544475555419917,0,31.91796152724709,-4.2712154388427725,-3.513670921325684,100,80.52687491007553,-3.151763916015625,-4.571319580078125,-59.9757,-54.5772,0,0.4502992238706328,-55.6509,-51.8618,0,2.211577778741473,-56.122,-54.0413,0,11.098687974662422,-60.2381,-57.0917,0,4.123336280713136,-54.0427,-52.293,0,14.808504079462152
85,85,85,HumphreysBock_14_CPC,CPC,The audience beneath the luxury boxes,are,is,0,29.54637229189897,-3.974471092224121,-3.105477333068848,100,81.26848999036896,-2.702395439147949,-4.169946670532228,0,37.05601026517952,-4.364107131958009,-3.834292411804199,0,34.28759457777652,-4.107062339782715,-3.4565582275390625,100,72.40905557040317,-3.0740337371826167,-4.038877487182616,0,29.54637229189897,-3.974471092224121,-3.105477333068848,100,81.26848999036896,-2.702395439147949,-4.1699466705322275,0,37.05601026517952,-4.364107131958009,-3.8342924118041988,0,34.28759457777652,-4.107062339782715,-3.4565582275390625,100,72.40905557040317,-3.0740337371826167,-4.038877487182616,-65.9519,-60.3522,0,0.36853412632977767,-60.8855,-57.247,0,2.5618204548836525,-61.0924,-58.9003,0,10.046215829522481,-63.6679,-60.6117,0,4.4950555262554595,-59.3035,-57.1211,0,10.134214607961761
86,86,86,HumphreysBock_14_CSC,CSC,The audience beneath the luxury box,are,is,0,4.036992660052902,-5.804859161376952,-2.6363964080810547,0,9.051840604578572,-5.120573043823242,-2.813251495361328,0,3.212910525778446,-6.1668338775634775,-2.7614974975585938,0,9.261522232260576,-5.471750259399414,-3.1896371841430664,0,4.6366819154316135,-5.314556121826172,-2.2908611297607417,0,4.036992660052902,-5.804859161376952,-2.6363964080810547,0,9.051840604578572,-5.120573043823242,-2.813251495361328,0,3.212910525778446,-6.1668338775634775,-2.7614974975585938,0,9.261522232260576,-5.471750259399414,-3.1896371841430664,0,4.636681915431613,-5.314556121826172,-2.2908611297607417,-63.3831,-59.0339,0,1.275241737370291,-60.4737,-57.8297,0,6.635978065216444,-59.7397,-58.1878,0,17.481201852370166,-65.4878,-62.3564,0,4.183045811169224,-58.3936,-56.8381,0,17.429331632036874
87,87,87,HumphreysBock_14_PPD,PPD,The spectators in the luxury boxes,are,is,100,93.27404589275076,-2.9874839782714844,-5.61705207824707,100,97.02068716682881,-2.6299362182617188,-6.113167762756348,100,95.45959029428444,-3.000779151916504,-6.046464920043945,100,93.53691730193717,-3.4847631454467773,-6.157012939453125,100,96.52494155731968,-2.5418701171875,-5.866060256958008,100,93.27404589275076,-2.9874839782714844,-5.61705207824707,100,97.02068716682881,-2.6299362182617188,-6.113167762756348,100,95.45959029428444,-3.000779151916504,-6.046464920043945,100,93.53691730193717,-3.4847631454467773,-6.157012939453125,100,96.52494155731968,-2.5418701171875,-5.866060256958008,-57.2818,-60.6884,100,96.79101660902664,-52.921,-54.4694,100,82.46825219810903,-58.227,-62.8172,100,98.99511758805473,-58.0468,-62.3443,100,98.65800227009753,-52.1714,-55.3187,100,95.88022023613047
88,88,88,HumphreysBock_14_PPC,PPC,The spectators beneath the luxury boxes,are,is,100,94.56761313779428,-3.108382225036621,-5.96531867980957,100,97.36755621027777,-1.996826171875,-5.6074066162109375,100,91.92512945432259,-3.2014179229736333,-5.633635520935059,100,91.54172027827879,-3.5000762939453125,-5.881725311279298,100,95.33181803875976,-2.431560516357422,-5.448154449462892,100,94.56761313779428,-3.108382225036621,-5.96531867980957,100,97.36755621027777,-1.996826171875,-5.6074066162109375,100,91.92512945432259,-3.2014179229736333,-5.633635520935059,100,91.54172027827879,-3.5000762939453125,-5.881725311279298,100,95.33181803875976,-2.431560516357422,-5.4481544494628915,-63.8264,-66.8585,100,95.40034107653321,-61.2232,-63.0503,100,86.14158917374624,-61.2512,-65.1039,100,97.92186701894809,-62.8941,-67.4636,100,98.97431531473792,-58.054,-59.8984,100,86.34682571162467
89,89,89,HumphreysBock_14_PSC,PSC,The spectators beneath the luxury box,are,is,100,86.06493770666646,-3.7724018096923833,-5.593095779418945,100,68.14835916315461,-3.505764961242676,-4.2663631439208975,100,71.98948643910954,-3.6777858734130864,-4.621726036071777,100,61.92475726385104,-4.293204307556152,-4.779560089111328,100,65.00239397408086,-3.3802804946899414,-3.999424934387207,100,86.06493770666646,-3.7724018096923833,-5.593095779418945,100,68.14835916315461,-3.5057649612426762,-4.2663631439208975,100,71.98948643910954,-3.6777858734130864,-4.621726036071777,100,61.92475726385104,-4.2932043075561515,-4.779560089111328,100,65.00239397408086,-3.3802804946899414,-3.999424934387207,-61.783,-65.6572,100,97.96517053819808,-62.1143,-64.6885,100,92.91825643536727,-61.2802,-65.0104,100,97.65739082244656,-64.6805,-69.1052,100,98.81639655983321,-58.6734,-60.8603,100,89.90669429603166
90,90,90,HumphreysBock_15_CPD,CPD,The class at the lunch tables,are,is,0,31.60442897509673,-3.815939903259277,-3.043929100036621,100,65.69830828302744,-3.4808349609375,-4.13071346282959,0,48.89391827249136,-3.790332794189453,-3.746082305908203,0,12.123250028430805,-4.873406410217285,-2.8925962448120117,0,23.343132464896367,-3.459503173828125,-2.2704668045043945,0,31.60442897509673,-3.815939903259277,-3.043929100036621,100,65.69830828302744,-3.4808349609375,-4.13071346282959,0,48.89391827249136,-3.790332794189453,-3.746082305908203,0,12.123250028430805,-4.873406410217285,-2.892596244812012,0,23.343132464896367,-3.459503173828125,-2.2704668045043945,-65.0616,-61.3673,0,2.4261592049981533,-66.2123,-64.7173,0,18.317244051905096,-61.7335,-61.7179,0,49.61000790900755,-60.4686,-59.187,0,21.727799126401475,-62.6,-64.4879,100,86.85159044330456
91,91,91,HumphreysBock_15_CPC,CPC,The class near the lunch tables,are,is,0,37.24492523487778,-3.5766725540161133,-3.054948806762696,100,66.33303966294594,-3.0912189483642583,-3.769390106201172,100,55.81444913313243,-3.665904045104982,-3.8995389938354488,0,18.145902761163928,-4.125099182128906,-2.618605613708496,0,24.85389950455852,-2.8695774078369136,-1.7631578445434568,0,37.24492523487778,-3.5766725540161133,-3.0549488067626958,100,66.33303966294594,-3.0912189483642583,-3.769390106201172,100,55.81444913313243,-3.665904045104981,-3.8995389938354488,0,18.145902761163928,-4.125099182128906,-2.618605613708496,0,24.85389950455852,-2.8695774078369136,-1.7631578445434568,-69.5775,-66.3899,0,3.963503251605973,-66.943,-65.8104,0,24.36815993406744,-64.631,-64.0096,0,34.94631102844826,-61.3996,-60.9957,0,40.03756846679828,-65.4671,-67.2804,100,85.97602363320695
92,92,92,HumphreysBock_15_CSC,CSC,The class near the lunch table,are,is,0,9.852921380489768,-4.411367416381836,-2.19769287109375,0,9.165653197677264,-4.580785751342773,-2.2872114181518555,0,14.459227149731257,-4.643128395080566,-2.8654680252075195,0,9.402366409920546,-4.568828582763672,-2.303361892700196,0,10.148095729386153,-3.3820838928222656,-1.201207160949707,0,9.852921380489768,-4.411367416381836,-2.19769287109375,0,9.165653197677264,-4.580785751342773,-2.2872114181518555,0,14.459227149731257,-4.643128395080566,-2.8654680252075195,0,9.402366409920546,-4.568828582763672,-2.3033618927001958,0,10.148095729386151,-3.3820838928222656,-1.201207160949707,-68.2205,-62.6423,0,0.376513245248622,-65.39,-61.5453,0,2.094475118465915,-64.4261,-60.5105,0,1.953919925509405,-61.5395,-58.0782,0,3.04336501635818,-61.6027,-60.7489,0,29.863632884178138
93,93,93,HumphreysBock_15_PPD,PPD,The students at the lunch tables,are,is,100,99.73751982334484,-1.9214925765991209,-7.861614227294923,100,98.05662092824308,-2.034435272216797,-5.955552101135254,100,94.02396626867277,-2.2945985794067383,-5.05039119720459,100,95.41205566174492,-2.880284309387207,-5.915057182312013,100,98.884755476008,-1.5300474166870115,-6.014928817749023,100,99.73751982334484,-1.9214925765991209,-7.861614227294923,100,98.05662092824308,-2.034435272216797,-5.955552101135254,100,94.02396626867277,-2.2945985794067383,-5.05039119720459,100,95.41205566174492,-2.880284309387207,-5.915057182312013,100,98.884755476008,-1.5300474166870115,-6.0149288177490225,-57.69,-63.3858,100,99.6651204050188,-61.7599,-66.2277,100,98.86575983485619,-58.3176,-63.8842,100,99.61911050347425,-52.0887,-59.0753,100,99.90766699067973,-55.1149,-58.8045,100,97.56268958717297
94,94,94,HumphreysBock_15_PPC,PPC,The students near the lunch tables,are,is,100,99.65061737295791,-2.0019197463989262,-7.655177593231201,100,97.85045847956228,-1.984832763671875,-5.803018569946289,100,94.64875149999588,-2.2851543426513667,-5.157997131347656,100,93.33166463391208,-2.710765838623047,-5.349555015563965,100,97.88424020047329,-1.435834884643555,-5.2702064514160165,100,99.65061737295791,-2.0019197463989262,-7.655177593231201,100,97.85045847956228,-1.984832763671875,-5.803018569946289,100,94.64875149999588,-2.2851543426513667,-5.157997131347656,100,93.33166463391208,-2.710765838623047,-5.349555015563965,100,97.88424020047329,-1.435834884643555,-5.2702064514160165,-60.987,-67.1599,100,99.79191587277553,-63.1737,-68.2128,100,99.35621373145815,-62.346,-67.4805,100,99.41444931436267,-56.0046,-63.2049,100,99.92541947743531,-58.5286,-61.6909,100,95.93906497005558
95,95,95,HumphreysBock_15_PSC,PSC,The students near the lunch table,are,is,100,99.50351643034271,-1.4413986206054688,-6.7417964935302725,100,86.42405357794229,-2.470414161682129,-4.321380615234375,100,89.30603777216179,-2.3640174865722656,-4.486407279968262,100,88.34329407030728,-2.6455774307250977,-4.670926094055176,100,96.44541312636309,-1.3131322860717771,-4.613870620727539,100,99.50351643034273,-1.4413986206054688,-6.7417964935302725,100,86.42405357794229,-2.470414161682129,-4.321380615234375,100,89.30603777216179,-2.3640174865722656,-4.486407279968262,100,88.34329407030728,-2.6455774307250977,-4.670926094055176,100,96.44541312636309,-1.3131322860717771,-4.613870620727539,-60.2092,-62.9565,100,93.97606827253972,-60.0838,-61.3237,100,77.55466073420115,-60.3446,-63.7838,100,96.89074242170021,-54.6517,-59.8496,100,99.45022311747024,-56.4919,-55.7863,0,33.05718072750152
96,96,96,HumphreysBock_16_CPD,CPD,The tribe inside the stone huts,are,is,100,84.14932938315219,-1.9856443405151367,-3.6550254821777344,100,85.6380137169352,-2.7358503341674805,-4.521394729614258,0,43.14555156586407,-3.9574031829833984,-3.681488037109375,0,33.13476848139883,-4.0344085693359375,-3.33231258392334,100,80.28441727792573,-2.848551750183105,-4.252717971801759,100,84.14932938315219,-1.9856443405151367,-3.6550254821777344,100,85.6380137169352,-2.7358503341674805,-4.521394729614258,0,43.14555156586407,-3.9574031829833984,-3.681488037109375,0,33.13476848139883,-4.0344085693359375,-3.33231258392334,100,80.28441727792573,-2.848551750183105,-4.252717971801759,-60.3829,-55.7285,0,0.9429854638794687,-60.2609,-57.3307,0,5.068070163287317,-57.9378,-56.79,0,24.08911514239772,-66.2414,-61.4334,0,0.8098057789244473,-58.3451,-56.8043,0,17.641900841454103
97,97,97,HumphreysBock_16_CPC,CPC,The tribe outside the stone huts,are,is,100,77.54052377573326,-2.342930793762207,-3.5820188522338867,100,86.13256754232842,-3.1267576217651367,-4.953102111816406,100,54.60065937775153,-3.5932493209838867,-3.77779769897461,0,38.01497688911469,-3.9486913681030273,-3.4597787857055664,100,78.02276541919474,-2.8927516937255864,-4.159745216369629,100,77.54052377573326,-2.342930793762207,-3.5820188522338867,100,86.1325675423284,-3.1267576217651367,-4.953102111816406,100,54.60065937775153,-3.5932493209838867,-3.77779769897461,0,38.01497688911469,-3.9486913681030273,-3.4597787857055664,100,78.02276541919474,-2.8927516937255864,-4.159745216369629,-61.8032,-57.1243,0,0.9203730878183247,-61.8748,-59.0611,0,5.658832790296282,-59.0713,-58.9582,0,47.17551017266945,-64.948,-61.1826,0,2.2634176919427174,-60.4007,-58.9667,0,19.24762028950366
98,98,98,HumphreysBock_16_CSC,CSC,The tribe outside the stone hut,are,is,0,4.574533140997214,-4.59958553314209,-1.5617446899414062,0,10.268395469132077,-4.350456237792969,-2.1827039718627934,0,5.300225626962924,-5.280427932739258,-2.397465705871582,0,8.03082194079317,-4.696508407592773,-2.258341789245605,0,19.08924767352405,-3.846670150756837,-2.4024486541748047,0,4.574533140997214,-4.59958553314209,-1.5617446899414062,0,10.268395469132077,-4.350456237792969,-2.1827039718627934,0,5.300225626962924,-5.280427932739258,-2.397465705871582,0,8.03082194079317,-4.696508407592773,-2.258341789245605,0,19.08924767352405,-3.8466701507568364,-2.4024486541748047,-64.6561,-58.5232,0,0.2165578113032519,-62.6678,-59.1612,0,2.912502304141751,-63.9038,-61.8326,0,11.19277031275016,-67.6293,-63.5425,0,1.651554131788454,-63.4168,-60.7897,0,6.741454451253302
99,99,99,HumphreysBock_16_PPD,PPD,The natives inside the stone huts,are,is,100,96.93848531494996,-2.3095388412475586,-5.764705657958984,100,96.96031329881392,-2.7632741928100586,-6.225821495056152,100,96.64805732952057,-3.0168943405151367,-6.378430366516112,100,94.77250315940701,-3.1885995864868164,-6.086146354675293,100,99.40310203468214,-2.483706474304199,-7.598898887634277,100,96.93848531494996,-2.3095388412475586,-5.7647056579589835,100,96.96031329881392,-2.7632741928100586,-6.225821495056152,100,96.64805732952055,-3.0168943405151367,-6.378430366516112,100,94.77250315940701,-3.1885995864868164,-6.086146354675293,100,99.40310203468214,-2.483706474304199,-7.598898887634277,-50.406,-55.6038,100,99.45016843933294,-51.001,-54.8343,100,97.88201985153813,-48.6157,-52.4532,100,97.89070947488915,-48.9206,-54.0772,100,99.42717472338583,-48.1101,-47.4315,0,33.65738396833425
100,100,100,HumphreysBock_16_PPC,PPC,The natives outside the stone huts,are,is,100,98.06282647530365,-2.4593734741210938,-6.38375186920166,100,97.88708241039991,-2.9887065887451167,-6.824451446533202,100,96.45033685576234,-2.9027891159057617,-6.204964637756348,100,94.21905717841452,-3.2242088317871094,-6.0152645111083975,100,98.7726626252388,-2.725762367248535,-7.113736152648926,100,98.06282647530365,-2.4593734741210938,-6.38375186920166,100,97.88708241039991,-2.9887065887451167,-6.824451446533202,100,96.45033685576234,-2.9027891159057617,-6.204964637756348,100,94.21905717841452,-3.2242088317871094,-6.0152645111083975,100,98.7726626252388,-2.725762367248535,-7.113736152648926,-52.4811,-58.0398,100,99.61610115680386,-51.4812,-54.9621,100,97.01394032783547,-51.6006,-55.6734,100,98.32555138487943,-50.2664,-55.1229,100,99.22823669990134,-48.4719,-49.2319,100,68.13537337890243
101,101,101,HumphreysBock_16_PSC,PSC,The natives outside the stone hut,are,is,100,91.9457971080184,-2.294994354248047,-4.729999542236328,100,81.92053571789744,-2.804446220397949,-4.31541919708252,100,86.60552009934534,-3.1175441741943364,-4.984065055847168,100,68.25797266402472,-3.4629831314086914,-4.228635787963866,100,86.2396364524382,-2.8385820388793945,-4.673919677734375,100,91.9457971080184,-2.294994354248047,-4.729999542236328,100,81.92053571789744,-2.804446220397949,-4.31541919708252,100,86.60552009934534,-3.1175441741943364,-4.984065055847168,100,68.25797266402472,-3.4629831314086914,-4.228635787963866,100,86.2396364524382,-2.8385820388793945,-4.673919677734375,-54.5171,-57.976,100,96.94954521081596,-52.2322,-53.8093,100,82.87934150711388,-55.5663,-58.4675,100,94.79057253346677,-53.0514,-57.6058,100,98.95887242375031,-52.1551,-50.9044,0,22.257898899574354
102,102,102,HumphreysBock_17_CPD,CPD,The posse on the horses,are,is,0,23.093111081909882,-4.733932495117188,-3.5308713912963867,100,82.73734137337291,-3.753128051757813,-5.320253372192383,0,31.82467376887669,-4.2137651443481445,-3.4519243240356445,0,23.081273934838308,-4.604613304138184,-3.400885581970215,100,53.75463930474038,-3.8691701889038086,-4.019639015197754,0,23.093111081909882,-4.733932495117188,-3.5308713912963867,100,82.73734137337291,-3.753128051757813,-5.320253372192383,0,31.82467376887669,-4.2137651443481445,-3.4519243240356445,0,23.081273934838308,-4.604613304138184,-3.400885581970215,100,53.75463930474038,-3.8691701889038086,-4.019639015197754,-43.1493,-38.7804,0,1.2506764360333003,-45.094,-43.6445,0,19.007852842828687,-42.2769,-41.4567,0,30.572120709245098,-44.766,-44.2796,0,38.074200159081954,-42.2988,-41.7808,0,37.33200193777296
103,103,103,HumphreysBock_17_CPC,CPC,The posse near the horses,are,is,0,24.33548599802236,-4.897001266479492,-3.762627601623535,100,80.122034047226,-3.4782943725585938,-4.8722333908081055,0,21.77441611415895,-4.544443130493164,-3.2655820846557617,0,45.370548641004845,-3.9972257614135738,-3.8115158081054688,0,48.670748240451786,-3.5591754913330083,-3.505992889404297,0,24.335485998022357,-4.897001266479492,-3.762627601623535,100,80.122034047226,-3.4782943725585938,-4.8722333908081055,0,21.77441611415895,-4.544443130493164,-3.2655820846557617,0,45.370548641004845,-3.9972257614135738,-3.8115158081054688,0,48.670748240451786,-3.5591754913330083,-3.505992889404297,-48.9652,-43.9258,0,0.6435944044542876,-48.0248,-47.4397,0,35.775992993950894,-46.7362,-46.0326,0,33.101454532707386,-49.1628,-48.1956,0,27.54389532491328,-43.7048,-44.0674,100,58.96696747146207
104,104,104,HumphreysBock_17_CSC,CSC,The posse near the horse,are,is,0,8.727381875120587,-5.677203178405763,-3.329817771911621,0,14.306454372393944,-4.75447940826416,-2.9644126892089844,0,4.878806945317862,-5.903201103210449,-2.9329500198364262,0,8.310511869579187,-5.483285903930664,-3.0823993682861333,0,15.601697426007421,-5.011507987976074,-3.32334041595459,0,8.727381875120587,-5.677203178405763,-3.329817771911621,0,14.306454372393944,-4.75447940826416,-2.9644126892089844,0,4.878806945317862,-5.903201103210449,-2.9329500198364262,0,8.310511869579187,-5.483285903930664,-3.0823993682861333,0,15.601697426007421,-5.011507987976074,-3.32334041595459,-48.8875,-42.037,0,0.10578059591348575,-46.6327,-42.8733,0,2.276728900477985,-44.7957,-44.1108,0,33.51685522861042,-46.4063,-42.7288,0,2.4662492629723616,-45.6679,-43.3038,0,8.595153533960149
105,105,105,HumphreysBock_17_PPD,PPD,The cowboys on the horses,are,is,100,92.50583741432078,-3.3009920120239262,-5.814139366149902,100,96.46285988325258,-3.5223960876464844,-6.828235626220702,100,87.70459182293814,-3.9337081909179688,-5.898456573486327,100,91.38543230396652,-3.7652978897094727,-6.12692928314209,100,94.34884359129845,-3.1637067794799805,-5.9788455963134775,100,92.50583741432078,-3.3009920120239262,-5.814139366149902,100,96.46285988325258,-3.5223960876464844,-6.828235626220702,100,87.70459182293814,-3.9337081909179688,-5.898456573486327,100,91.38543230396652,-3.7652978897094727,-6.12692928314209,100,94.34884359129843,-3.1637067794799805,-5.9788455963134775,-51.299,-51.2573,0,48.957651039804745,-52.3769,-54.8966,100,92.55113754531108,-51.0381,-51.0994,100,51.532020291931616,-53.3192,-58.1242,100,99.18778091778474,-47.4187,-45.9883,0,19.303636725116103
106,106,106,HumphreysBock_17_PPC,PPC,The cowboys near the horses,are,is,100,90.91313756716332,-3.446183204650879,-5.749258041381836,100,96.41809460729608,-3.20254898071289,-6.49534797668457,100,79.22045455071903,-3.85285758972168,-5.191123008728027,100,93.63702334109628,-3.4279708862304688,-6.116900444030763,100,93.48197099495087,-2.4177160263061523,-5.080912590026856,100,90.91313756716332,-3.446183204650879,-5.749258041381836,100,96.41809460729608,-3.20254898071289,-6.49534797668457,100,79.22045455071903,-3.85285758972168,-5.191123008728027,100,93.63702334109628,-3.4279708862304688,-6.116900444030763,100,93.48197099495087,-2.4177160263061523,-5.080912590026856,-55.8928,-55.6689,0,44.425767484904775,-55.7021,-59.6251,100,98.06020627561335,-54.8887,-55.0521,100,54.0759352265606,-56.2827,-60.0494,100,97.73945636730559,-51.5729,-51.1645,0,39.92958331167768
107,107,107,HumphreysBock_17_PSC,PSC,The cowboys near the horse,are,is,100,87.93727440787309,-3.0882902145385738,-5.074793815612793,100,71.32307449404716,-3.6132230758666983,-4.524350166320801,0,48.43469765054915,-4.248049736022948,-4.185417175292969,100,61.08597884549194,-4.487493515014648,-4.938421249389648,100,83.96628510685808,-3.1930055618286133,-4.848727226257324,100,87.93727440787309,-3.0882902145385738,-5.074793815612793,100,71.32307449404716,-3.6132230758666988,-4.524350166320801,0,48.43469765054915,-4.248049736022948,-4.185417175292969,100,61.08597884549194,-4.487493515014648,-4.938421249389648,100,83.96628510685808,-3.1930055618286133,-4.848727226257324,-55.1687,-52.668,0,7.58091219869599,-55.2787,-55.8531,100,63.977783104300066,-52.9564,-52.1237,0,30.307447222790707,-53.7498,-53.5505,0,45.03392703255778,-54.5958,-51.0194,0,2.7214862328428646
